name,display,manufactor,needed,forbidden,highscore
1-2-3,1-2-3...,Talleres de Llobregat 1973,"1-2-3,1973",,TlD_123.txt
2 in 1,2 in 1,Bally 1964,"2,in,Bally,1964",,
3-in-line,3 in Line,Bally 1963,,,
2001,2001,Gottlieb 1971,"2001,Gottlieb,1971",,2001_71VPX.txt
24,24,Stern 2009,"24,stern,2009",,
250cc,250 cc,Inder 1992,"250,cc",,
300,300,Gottlieb 1975,"300,1975",,300_75VPX.txt
301 Bullseye,301 Bullseye,Grand Products 1986,,,
4 Aces,4 Aces,Williams 1970,,faces,fouraces.txt
4 Queens,4 Queens,Bally 1970,"4,Queens,Bally,1970",,4Queens70.txt
4 Roses,4 Roses,Williams 1962,"4,Roses,Williams,1962",,
4 Square,4 Square,Gottlieb 1971,"4,Square,Gottlieb,1971",,4Square_71VPX.txt
4X4,4X4,Atari 1983,"4X4,Atari,1983",,
8 Ball,8 Ball,Williams 1966,"8,Ball,Williams,1966",,Williams8Ball_66VPX.txt
A-Go-Go,A-Go-Go,Williams 1966,"A-Go-Go,Williams,1966",,
A Team,The A-Team,Original 2023,"the,team,original,2023",,
Aaron Spelling,Aaron Spelling,Data East 1992,,,
Abra Ca Dabra,Abra Ca Dabra,Gottlieb 1975,,,AbraCaDabra.txt
AC-DC PREMIUM,AC-DC PREMIUM,Stern 2012,"ac,dc,premium",luci,
AC-DC PREMIUM LUCI,AC-DC PREMIUM LUCI,Stern 2013,"ac,dc,luci",,
AC-DC Back In Black,AC-DC Back In Black<br>Limited Edition,Stern 2012,"ac,dc,back,black",,
AC-DC Let There Be Rock Limited Edition,AC-DC Let There Be Rock<br>Limited Edition,Stern 2012,"ac,dc,Rock",,
AC-DC Pro Vault Edition,AC-DC Pro - Vault Edition,Stern 2017,"ac,dc,pro,vault",,
Accept,Accept,Original 2019,"Accept,Original,2019",,
Ace Of Speed,Ace of Speed,Original 2019,,,
Ace Ventura - Pet Detective,Ace Ventura<br>Pet Detective,Original 2019,"Ace,Ventura",,
Aces & Kings,Aces & Kings,Williams 1970,"Aces,Kings,Williams,1970",,Aces_and_Kings.txt
Addams Family,The Addams Family,Bally 1992,,"bw,mod",
Addams Family BW,The Addams Family<br>Black & White,Bally 1992,"Addams,Family,BW,mod",,
Adventures of Rocky and Bullwinkle and Friends,The Adventures of Rocky and<br>Bullwinkle and Friends,Data East 1993,"rocky,bullwinkle",,
Aerosmith,Aerosmith,Original 2019,,,
Agents 777,Agents 777,Game Plan 1984,,,
Air Aces,Air Aces,Bally 1975,"Air,Aces,Bally,1975",,
Airborne,Airborne,Capcom 1996,,Avenger,
Airborne Avenger,Airborne Avenger,Atari 1977,,,
Airport,Airport,Gottlieb 1969,"Airport,Gottlieb,1969",,Airport_69VPX.txt
Airwolf,Airwolf,Original 2020,,,
Al Capone,Al Capone,LTO do Brasil 1984,,,
Aladdin,Disney's Aladdin,Original 2020,"aladin,disney",,
Al Garage Band,Al's Garage Band,AlvinG 1992,,,
Aladdin's Castle,Aladdin's Castle,Bally 1976,,,
Alaska,Alaska,Interflip 1978,"Alaska,Interflip,1978",,alaska.txt
Alfred Hitchcocks Psycho,Alfred Hitchcocks Psycho,Original 2019,,,
Algar,Algar,Williams 1980,,,
Ali,Ali,Stern 1980,"ali,stern,1980","alien,excalibur,valinor",
Alice in Wonderland,Alice in Wonderland,Gottlieb 1948,,,AliceInWonderland.txt
Alien Poker,Alien Poker,Williams 1980,,,
Alien Star,Alien Star,Gottlieb 1984,,,
Alien Trilogy,Alien Trilogy,Original 2019,,,
Aliens,Aliens,Original 2020,"Aliens,Original,2020",,
Alle Neune,Alle Neune,NSM 1969,"Alle,Neune,NSM,1969",,
Alley Cats,Alley Cats,Williams 1985,,,
Aloha,Aloha,Gottlieb 1961,"Aloha,Gottlieb,1961",,
Amazing Spider-Man,The Amazing Spider-Man,Gottlieb 1980,,,
Amazon Hunt,Amazon Hunt,Gottlieb 1983,,,
America 1492,America 1492,Juegos Populares 1986,,,
America Most Haunted,America's Most Haunted,Spooky Pinball 2014,,,
American Country,American Country,Original 2024,,,
American Graffiti,American Graffiti,Original 2024,,,
Amigo,Amigo,Bally 1974,"Amigo,Bally,1974",,Amigo_74VPX.txt
Andromeda,Andromeda,Gameplan 1985,,,
Animal,Animal,Original 2017,,party,
Apache,Apache!,Taito do Brasil 1978,"Apache,Taito,1978",,Apache_78VPX.txt
Apache,Apache,Playmatic 1975,"Apache,Playmatic,1975",,Apache-playmatic1975.txt
Apollo,Apollo,Williams 1967,,13,apollo.txt
Apollo 13,Apollo 13,Sega 1995,,,
Aqualand,Aqualand,Juegos Populares 1986,,,
Aquaman,Aquaman,Original 2024,,,
Aquarius,Aquarius,Gottlieb 1970,,,Aquarius_70VPX.txt
Arena,Arena,Gottlieb 1987,"arena,gottlieb",,
Argosy,Argosy,Williams 1977,,,
Arizona,Arizona,LTD 1977,"Arizona,LTD,1977",,
Aristocrat,Aristocrat,Williams 1979,,,
Aspen,Aspen,Brunswick 1979,"Aspen,Brunswick,1979",,Aspenjp.txt
Asteroid Annie and the Aliens,Asteroid Annie and the Aliens,Gottlieb 1980,,,
Astro,Astro,Gottlieb 1971,"Astro,Gottlieb,1971",,
Astronaut,Astronaut,Chicago Coin Machine 1969,"Astronaut, 1969",,Astronaut_69VPX.txt
Atlantis,Atlantis,Bally 1989,atlantis,gottlieb,
Atlantis,Atlantis,Gottlieb 1975,atlantis,bally,Atlantis_75VPX.txt
Atleta,Atleta,Inder 1991,,,
Atomic Beach Party,Tiki Bob's Atomic Beach Party,Original 2021,,,
Attack - from Mars,Attack - from Mars,Bally 1995,"attack,mars",revenge,
Attack And Revenge from Mars,Attack & Revenge from Mars,Original 2015,"attack,revenge,mars",bally,
Attack And Revenge from Mars,Attack & Revenge from Mars,Bally 1999,"attack,revenge,mars",original,
Attila the Hun,Attila the Hun,Game Plan 1984,,,
Austin Powers,Austin Powers,Stern 2001,,,
Avatar,Avatar,Stern 2010,,,
Avengers,Avengers,Stern 2012,avengers,"JP,series",
Avengers LE,JP's Avengers LE,Stern 2012,"avengers,JP",,
Avengers TV Series,Avengers TV Series,Original 2023,"avengers,series",,
Aztec,Aztec,Williams 1976,"Aztec,Williams,1976",,
Baby Pacman,Baby Pacman,Bally 1982,,,
Back to the Future,Back to the Future,Data East 1990,"back,future",,
Bad Cats,Bad Cats,Williams 1989,,,
Bad Girls,Bad Girls,Gottlieb 1988,"Bad,Girls",Alternate,
Bad Girls Alternate,Bad Girls Alternate,Original 2024,,,
Bad Santa,Bad Santa,Original 2018,,,
Balls-A-Poppin,Balls-A-Poppin,Bally 1956,"Balls,Poppin,Bally,1956",,BallsAPoppin_56VPX.txt
Bally Game Show,The Bally Game Show,Bally 1990,,,
Bally Hoo,Bally Hoo,Bally 1969,"Bally,Hoo,1969",,Bally_Hoo_69.txt
Ballyhoo,Ballyhoo,Bally 1932,"Bally,hoo,1932",,
Band Wagon,Band Wagon,Bally 1965,"Band,Wagon,Bally,1965",,
Bank A Ball,Bank A Ball,Gottlieb 1965,,,BankABall_65VPX.txt
Bank Shot,Bank Shot,Gottlieb 1976,"Bank,Shot,Gottlieb,1976",,
Banzai Run,Banzai Run,Williams 1988,,,
Barb Wire,Barb Wire,Gottlieb 1996,,,
Barbarella,Barbarella,Automaticos 1967,"Barbarella,Automaticos,1967",,Barbarella_72VPX.txt
Barracora,Barracora,Williams 1981,,,
Baseball,Baseball,Gottlieb 1970,"Baseball,Gottlieb,1970",,Baseball_70VPX.txt
Basketball,Basketball,IDSA 1986,"Basketball,IDSA",,
Batman,Batman,Data East 1991,batman,"66,forever,returns,animated,knight",
Batman 66 tribute,Batman 66 - Tribute Version,Original 2018,"batman,66",stern,
Batman 66,Batman 66,Stern 2016,"batman,66,stern",,
Batman Forever,Batman Forever,Sega 1995,"batman,forever",,
Batman Returns,Batman Returns,Original 2018,"batman,returns",,
Batman The Animated Series,Batman - The Animated Series,Original 2020,"batman,animated",,
Batman the Dark Knight,Batman - The Dark Knight,Stern 2008,"batman,knight",,
Batter Up,Batter Up,Gottlieb 1970,,,
Battlestar Galactica,Battlestar Galactica,Williams 1980,,,
Baywatch,Baywatch,Sega 1995,,,
Beach Bums,Beach Bums,Original 2018,,,
Beastie Boys,Beastie Boys,Original 2025,,,
Beat the Clock,Beat the clock,Bally 1985,,,
Beat Time,Beat Time,Williams 1967,,,BeatTime_67VPX.txt
Beatles,The Beatles,Stern 2012,,,
Beavis Butt head,Beavis and Butt-head: Pinballed,Original 2024,,2023,
Beavis Butt head,Beavis and Butt-head: Pinball Stupidity,Original 2023,,2024,
Beetlejuice,Beetlejuice,Original 2023,,,
Bell Ringer,Bell Ringer,Gottlieb 1990,"Bell,Ringer,Gottlieb,1990",,
Ben Hur,Ben Hur,Staal 1977,"ben,hur,1977",,BenHur_77VPX.txt
Berzerk,Berzerk,Original 2016,,,
Beverly Hills Cop,Beverly Hills Cop,Original 2019,,,
Big Bang Bar,Big Bang Bar,Capcom 1996,,,
Big Ben,Big Ben,Williams 1975,,,bigben.txt
Big Brave,Big Brave,Gottlieb 1974,"Big,Brave,Gottlieb,1974",,BigBrave_74VPX.txt
Big Brave,Big Brave,Maresa 1974,"Big,Brave,Maresa,1974",,
Big Buck Hunter Pro,Big Buck Hunter Pro,Stern 2010,"big,buck,hunter",,
Big Casino,Big Casino,Gottlieb 1961,"Big,Casino,Gottlieb,1961",,BigCasino_61VPX.txt
Big Chief,Big Chief,Williams 1965,"Big,Chief,Williams,1965",,BigChief_65VPX.txt
Big Deal,Big Deal,Williams 1963,"Big,Deal,Williams,1963",,BigDeal_63VPX.txt
Big Deal,Big Deal,Williams 1977,"Big,Deal,Williams,1977",,BigDeal_77VPX.txt
Big Game,Big Game,Stern 1980,,,
Big Guns,Big Guns,Williams 1987,,,
Big Hit,Big Hit,Gottlieb 1977,"Big,Hit,Gottlieb,1977",,
Big Horse,Big Horse,Maresa 1975,"Big,Horse,Maresa,1975",,bighorse.txt
Big House,Big House,Gottlieb 1989,"Big,House,Gottlieb",,
Big Hurt,Big Hurt,Premier 1995,"Big,Hurt,Premier,1995",,
Big Indian,Big Indian,Gottlieb 1974,,,
Big Lebowski,The Big Lebowski,Original 2025,,,
Big Shot,Big Shot,Gottlieb 1974,,,
Big Show,Big Show,Bally 1974,"Big,Show,Bally,1974",,
Big Star,Big Star,Williams 1972,"Big,Star,Williams,1972",,
Big Town,Big Town,Playmatic 1978,"Big Town,Playmatic,1978",,
Big Trouble in Little China,Big Trouble In Little China,Original 2023,"big,trouble,china",,
Big Valley,Big Valley,Bally 1970,"Big,Valley,Bally,1970",,BigValley_70VPX.txt
Billie Eilish,Billie Eilish,Original 2024,,,
Black and Red,Black & Red,Inder 1975,"black,red,inder",,BlackRed.txt
Black Belt,Black Belt,Bally 1986,,,
Black Gold,Black Gold,Williams 1975,"Black,Gold,Williams,1975",,BlackGold_75VPX.txt
Black Hole,Black Hole,Gottlieb 1981,"black,hole,gottlieb",,
Black Jack,Black Jack,Bally 1978,"Black,Jack,Bally,1978",,
Black Knight,Black Knight,Williams 1980,,"2000,sword",
Black Knight 2000,Black Knight 2000,Williams 1989,,,
Black Knight Sword Of Rage,Black Knight: Sword Of Rage<br>Limited Edition,Stern 2019,,,
Black Magic 4,Black Magic 4,Recel 1980,,,
Black Pyramid,Black Pyramid,Bally 1984,,,
Black Rose,Black Rose,Bally 1992,,,
Blackout,Blackout,Williams 1980,,,
Blackwater 100,Blackwater 100,Bally 1988,,,
Blade Runner 2049,Blade Runner 2049,Original 2020,,,
Blaze and the Monster Machines,Blaze and the Monster Machines,Original 2021,"Blaze,Monster,Machines,Original,2021",,
Blizzard of Ozz,The Blizzard of Ozz,Original 2025,"Blizzard,Ozz",,
Blood Machines,Blood Machines,Original 2022,,,
Blue Chip,Blue Chip,Williams 1976,"Blue,Chip,Williams,1976",,BlueChip_76VPX.txt
Blue Note,Blue Note,Gottlieb 1978,"Blue,Note,Gottlieb,1978",,BlueNote_79VPX.txt
Blues,Blues,Original Blues Brothers,,,
BMX Radical Rick,BMX Radical Rick,Bally 1983,,,
Bobby Orr's Power Play,Bobby Orr's Power Play,Bally 1977,"Bobby,Orr",,
Bon Voyage,Bon Voyage,Bally 1974,,,
Bone Busters Inc.,BoneBusters Inc.,Gottlieb 1989,"Bone,Busters",,
Boomerang,Boomerang,Bally 1974,"Boomerang,Bally,1974",,Boomerang_1974_v2.txt
Bounty Hunter,Bounty Hunter,Gottlieb 1985,"bounty,hunter","star,wars",
Bourne Identity,The Bourne Identity: Treadstone Edition,Original 2024,,,
Bow And Arrow,Bow And Arrow,Bally 1975,"Bow,Arrow",,BowAndArrowEM_74VPX.txt
Bram Stoker's Dracula,Bram Stoker's Dracula,Williams 1993,"Bram,Stoker,Dracula",,
Brave Team,Brave Team,Inder 1985,"Brave,Team,Inder,1985",,
Break,Break,Video Dens 1986,"Video,Dens",,
Breaking Bad,Breaking Bad,Original 2022,,,
Breakshot,Breakshot,Capcom 1996,,,
Bristol Hills,Bristol Hills,Gottlieb 1971,"Bristol,Hills,Gottlieb,1971",,
Bronco,Bronco,Gottlieb 1977,"Bronco,Gottlieb,1977",,Bronco_77VPX.txt
Bubba the Redneck Werewolf,Bubba the Redneck Werewolf,Original 2017,,,
Buccaneer,Buccaneer,Gottlieb 1976,,,Buccaneer_76VPX.txt
Buck Rogers,Buck Rogers,Gottlieb 1980,,,
Buckaroo,Buckaroo,Gottlieb 1965,,,Buckaroo_65VPX.txt
Bud Spencer Terence Hill,Bud Spencer & Terence Hill,Original 2024,,,
Bugs Bunny's Birthday Ball,Bugs Bunny's Birthday Ball,Bally 1991,"bugs,bunny,birthday",,
Bumper,Bumper,Bill Port 1977,"Bumper,Bill,Port,1977",,bumper.txt
Bumper Pool,Bumper Pool,Gottlieb 1969,"Bumper,Pool,Gottlieb,1969",,
Bushido,Bushido,Inder 1993,,,
Cabaret,Cabaret,Williams 1968,"Cabaret,Williams,1968",,
Cactus Canyon,Cactus Canyon,Bally 1998,,continued,
Cactus Canyon Continued,Cactus Canyon Continued,Original 2019,continued,,
Cactus Jack's,Cactus Jack's,Gottlieb 1991,"cactus,jack",,
Caddie,Caddie,Playmatic 1975,"Caddie,Playmatic,1975",,Caddie_70VPX.txt
Canada Dry,Canada Dry,Gottlieb 1976,,,CanadaDry_76VPX.txt
Canasta 86,Canasta 86,Inder 1986,,,
Cannes,Cannes,Segasa 1977,"Cannes,Segasa",,
Cannon Fodder,Cannon Fodder,Original 2018,,,
Capersville,Capersville,Bally 1966,"Capersville,Bally,1966",,Capersville_1966_v2.txt
Capt. Card,Capt. Card,Gottlieb 1974,"Capt,Card,Gottlieb,1974",,CaptCard_73_2VPX.txt
Capt. Fantastic and The Brown Dirt Cowboy,Capt. Fantastic and The Brown Dirt Cowboy,Bally 1975,"Capt,Fantastic,Brown,Dirt,Cowboy",,captfantastic.txt
Captain Fantastic,Captain Fantastic,Bally 1975,,cowboy,
Captain Spaulding,Captain Spaulding's<br>Museum Of Monsters and Madmen,Original 2025,,,
Car Hop,Car Hop,Gottlieb 1991,,,
Card Trix,Card Trix,Gottlieb 1970,"Card,Trix,Gottlieb,1970",,
Card Whiz,Card Whiz,Gottlieb 1976,"Card,Whiz,Gottlieb,1976",,
Carnival Pinball,VooDoo's Carnival Pinball,Original 2022,,,
Carnival Queen,Carnival Queen,Bally 1958,"Carnival,Queen,Bally,1958",,
Cartoons,Cartoons,Original 2017,,,
Catacomb,Catacomb,Stern 1981,,,
Cavalcade,Cavalcade,Stoner Manufacturing Company 1935,"Cavalcade,Stoner,1935",,
Cavaleiro Negro,Cavaleiro Negro,Taito 1981,,,
Caveman,Caveman,Gottlieb 1982,,,
Cenobite,Cenobite,Original 2023,,,
Centaur,Centaur,Bally 1981,,,
Centigrade 37,Centigrade 37,Gottlieb 1977,centigrade,,Centigrade37.txt
Central Park,Central Park,Gottlieb 1966,"Central,Park,Gottlieb,1966",,
Cerberus ,Cerberus ,Playmatic 1983,,,
Champ,Champ,Bally 1974,"Champ,Bally,1974",,
Champion Pub,Champion Pub,Williams 1998,,bally,
Champion Pub,Champion Pub,Bally 1998,,williams,
Champions League,Champions League,Original 2017,,,
Chance,Chance,Playmatic 1974,"Chance,Playmatic,1974",,chance.txt
Chance,Chance,Playmatic 1978,"Chance,Playmatic,1978",,
Charlie Angels,Charlie's Angels,Gottlieb 1978,"charlie,angels",,
Charlie Brown Christmas,A Charlie Brown Christmas,Original 2023,,,bumper.txt
Check,Check,Petaco 1975,"Check,Petaco,1975",mate,
Check Mate,Check Mate,Taito do Brasil 1977,"Check,Mate,Taito,1977",,
Check Mate,Check Mate,Recel 1975,"Check,Mate,Recel,1975",,
Checkpoint,Checkpoint,Data East 1991,"check,point",,
Cheech & Chong - Road-Trip'pin,Cheech & Chong Road-Trip'pin,Bally 2021,"cheech,chong",,
Cheetah,Cheetah,Stern 1980,,,
Chicago Cubs Triple Play,Chicago Cubs Triple Play,Gottlieb 1985,,,
Children Of The Corn,Children Of The Corn,Original 2019,"Children,Corn",,
Chrono Trigger,Chrono Trigger,Original 2022,,,
Circus,Circus,Bally 1973,"Circus,Bally,1973",,Circus_73VPX.txt
Circus,Circus,Gottlieb 1980,"Circus,Gottlieb,1980",,
Circus,Circus,Zaccaria 1977,"Circus,Zaccaria,1977",,CircusZaccaria_77VPX.txt
Cirqus Voltaire,Cirqus Voltaire,Bally 1997,,,
City Slicker,City Slicker,Bally 1987,"City,Slicker,Bally,1987",,
Cityhunter,CityHunter,Original 2025,,,
Clash,The Clash,Original 2018,,,
Class of 1812,Class of 1812,Gottlieb 1991,,,
Cleopatra,Cleopatra,Gottlieb 1977,,,
Clever Smart,Clever & Smart,Original 2023,,,
Close Encounters of the Third Kind,Close Encounters of the Third Kind,Gottlieb 1978,"close,encounters",,
Cloudy With A Chance Of Meatballs,Cloudy With A Chance Of Meatballs,Original 2021,,,Cloudy With A Chance Of Meatballs.txt
Clown,Clown,Inder 1988,"clown,inder,1988",,
Clown,Clown,Playmatic 1971,"clown,playmatic,1971",,Clown-Playmatic.txt
Clue,Clue,Original 2018,,,
College Queens,College Queens,Gottlieb 1969,"College,Queens,Gottlieb,1969",,CollegeQueens_69VPX.txt
Columbia,Columbia,LTD do Brasil 1983,,,
Comet,Comet,Williams 1985,,Halley,
Commando Schwarzenegger,Commando Schwarzenegger,Original 2019,,,
Conan,Conan,Rowamet 1983,"Conan,Rowamet,1983",,
Concorde,Concorde,Emagar 1975,"Concorde,Emagar,1975",,Concorde_75VPX.txt
Congo,Congo,Williams 1995,,,
Conquest 200,Conquest 200,Playmatic 1976,"Conquest,200,Playmatic,1976",,Conquest200.txt
Contact,Contact,Williams 1978,,,
Contest,Contest,Gottlieb 1958,"Contest,Gottlieb,1958",,
Copa Libertadores,Copa Libertadores,Original 2018,,,
Corinthian Master Bagatelle,Corinthian Master Bagatelle,Unknown 1932,"Corinthian,Master,Bagatelle",,Corinthian.txt
Corsario,Corsario,Inder 1989,"corsario,inder,1989",,
Corvette,Corvette,Midway 1994,,,
Cosmic,Cosmic,Taito 1980,"cosmic,taito","voltan,gunfight,princess,venus",
Cosmic Gunfight,Cosmic Gunfight,Williams 1982,,,
Cosmic Princess,Cosmic Princess,Stern 1979,,,
Cosmic Venus,Cosmic Venus,Tilt Movie 1978,,,CosmicVenus_78VPX.txt
Count Down,Count Down,Gottlieb 1979,,,
Counterforce,Counterforce,Gottlieb 1980,,,
Cow Poke,Cow Poke,Gottlieb 1965,"Cow,Poke,Gottlieb,1965",,CowPoke_65VPX.txt
Cowboy Bebop,Cowboy Bebop,Original 2024,,,
Cowboy Eight Ball,Cowboy Eight Ball,LTD 1981,,,
Creature from the Black Lagoon,Creature from the Black Lagoon,Bally 1992,"creature,black,lagoon",,
Crescendo,Crescendo,Gottlieb 1970,"Crescendo,Gottlieb,1970",,Crescendo_70VPX.txt
Criterium 75,Criterium 75,Recel 1975,"Criterium,75,Recel",,
Criterium 77,Criterium 77,Taito do Brasil 1977,"Criterium,77,Taito,do,Brasil,1977",,
Cross Town,Cross Town,Gottlieb 1966,"Cross,Town,Gottlieb,1966",,CrossTown_1966_v2.txt
Crystal-Ball,Crystal-Ball,Talleres del Llobregat 1970,"Crystal,Ball,1970",,crystalball.txt
Crysis,Crysis,Original 2018,,,
CSI Crime Scene Investigation,CSI: Crime Scene Investigation,Stern 2008,"csi,stern,2008",,
Cue,Cue,Stern 1982,"Cue,Stern,1982",ball,
Cue Ball Wizard,Cue Ball Wizard,Gottlieb 1992,,,
Cuphead,Cuphead Pro,Original 2019,,,CupheadVPX.txt
Cyber Race,Cyber Race,Original 2023,,,
Cybernaut,Cybernaut,Bally 1985,,,
Cyclone,Cyclone,Williams 1988,,,
Cyclopes,Cyclopes,Game Plan 1985,,,
Dale Jr.,Dale Junior,Stern 2005,"Dale,J,Stern,2005",JP,
Dale Jr.,JP's Dale Junior,Stern 2005,"JP,Dale,J,Stern,2005",,
Daredevil and The Defenders,Daredevil and The Defenders,Original 2024,"Daredevil,Defenders",williams,
Dark Chaos,Dark Chaos,Original 2025,,,
Dark Princess,Dark Princess,Foggy Crew 2020,,,
Darkest Dungeon,Darkest Dungeon,Original 2023,,,
Darling,Darling,Williams 1973,"Darling,Williams,1973",,
Deadly Weapon,Deadly Weapon,Gottlieb 1990,,,
Deadpool,JP's Deadpool,Stern 2018,deadpool,,
Dealer's Choice,Dealer's Choice,Williams 1974,"Dealer,Choice,Williams,1974",,DealersChoice_73VPX.txt
Death Wish 3,Death Wish 3,Original 2019,,,
Deep Purple,Deep Purple,Original 2024,,,
Defender,Defender,Williams 1982,"defender,williams",daredevil,
Demolition Man,Demolition Man,Williams 1994,,,
Desert City,Desert City,Fipermatic 1977,"Desert,City,Fipermatic,1977",,
Devil Riders,Devil Riders,Zaccaria 1984,,,
Devil's Dare,Devil's Dare,Gottlieb 1982,"devil,dare",defenders,
Diablo,Diablo,Original 2017,,,
Diamond Jack,Diamond Jack,Gottlieb 1967,"Diamond,Jack,Gottlieb,1967",,
Diamond Lady,Diamond Lady,Gottlieb 1988,,,
Die Hard Trilogy,Die Hard Trilogy,Original 2023,,,
Dimension,Dimension,Gottlieb 1971,"Dimension,Gottlieb,1971",,Dimension_71VPX.txt
Dimmu Borgir,Dimmu Borgir,Original 2019,,,
Diner,Diner,Williams 1990,,,
Dipsy Doodle,Dipsy Doodle,Williams 1970,"Dipsy,Doodle,Williams,1970",,DipsyDoodle_70VPX.txt
Dirty Harry,Dirty Harry,Williams 1995,,,
Disco Fever,Disco Fever,Williams 1978,,,
Dixieland,Dixieland,Bally 1968,"Dixieland,Bally,1968",,
Doctor Who,Doctor Who,Bally 1992,,,
Dogies,Dogies,Bally 1968,"Dogies,Bally,1968",,Dogies.txt
Dolly Parton,Dolly Parton,Bally 1979,,,
Dolphin,Dolphin,Chicago Coin 1974,"Dolphin,Chicago,Coin,1974",,
Domino,Domino,Gottlieb 1968,"Domino,Gottlieb,1968",,Domino_68VPX.txt
Doodle Bug,Doodle Bug,Williams 1971,,,DoodleBug_71VPX.txt
Doom,Doom Classic Edition,Original 2019,"doom,2019","MF,2022,recel",
Double  Neon,Double  Neon,Original 2020,,,
Double-Up,Double-Up,Bally 1970,"Double-Up,Bally,1970",,
Dr. Dude,Dr. Dude,Bally 1990,"dr,dude",,
Dracula,Dracula,Stern 1979,,bram,
Dragon,Dragon,Gottlieb 1978,"dragon,gottlieb,1978",,IFDragon_77VPX.txt
Dragonball Super Saiyan Edition,Dragonball Super Saiyan Edition,Original 2025,,,
Dragoon,Dragoon,Recreativos Franco 1977,"Dragoon,Recreativos,Franco,1977",,
Dragonfist,Dragonfist,Stern 1981,"Dragonfist,Stern,1981",,
Drakor,Drakor,Taito 1980,,,
Drop-A-Card,Drop-A-Card,Gottlieb 1971,"Drop,Card,Gottlieb,1971",,DropACard_71VPX.txt
Duke Nukem 3D,Duke Nukem 3D,Original 2020,,,
Dukes of Hazzard,The Dukes of Hazzard,Original 2022,,,
Dune,Dune,Original 2024,"dune,original,2024",,
Dungeon and Dragons,Dungeons and Dragons,Bally 1987,"dungeon,dragons",,
Duotron,Duotron,Gottlieb 1974,"Duotron,Gottlieb,1974",,
Eager Beaver,Eager Beaver,Williams 1965,"Eager,Beaver,Williams,1965",,ebeaver.txt
Earth Wind Fire,Earth Wind Fire,Zaccaria 1981,,,
Earthshaker,Earthshaker,Williams 1989,,,
Eclipse,Eclipse,Gottlieb 1982,,,
Egg Head,Egg Head,Gottlieb 1961,"Egg,Head,Gottlieb,1961",,EggHead_61VPX.txt
Eight Ball,Eight Ball,Bally 1977,,"deluxe,champ,cowboy",
Eight Ball Champ,Eight Ball Champ,Bally 1985,,,
Eight Ball Deluxe,Eight Ball Deluxe,Bally 1981,,,
El Bueno El Feo y el Malo,El Bueno El Feo y el Malo,Original 2018,"el,bueno",,
El Dorado,El Dorado,Gottlieb 1975,,gold,El_Dorado_75VPX.txt
El dorado City of Gold,El dorado City of Gold,Gottlieb 1984,"city,of,gold",,
Electra-Pool,Electra-Pool,Gottlieb 1965,"Electra-Pool,Gottlieb,1965",,
Electric Mayhem,Electric Mayhem,Original 2016,,,
Elektra,Elektra,Bally 1981,,,
Elite Guard,Elite Guard,Gottlieb 1968,,,
Elvira House Horror,Elvira's House of Horror,Stern 2019,,,
Elvira Blood Red Kiss Edition,Elvira mash-up<br>Blood Red Kiss Edition,Original 2025,"elvira,blood,kiss",,
Elvira Party Monsters,Elvira and the Party Monsters,Bally 1989,"elvira,party,monsters",,
Elvis,Elvis,Stern 2004,,,
Embryon,Embryon,Bally 1981,,,
Empire Strikes Back,The Empire Strikes Back,Hankin 1980,,,
Endless Summer,The Endless Summer,Original 2020,,,
Escape from New York,Escape from New York,Original 2018,,,
Escape from the lost World,Escape from the Lost World,Bally 1987,,,
Evel Knievel,Evel Knievel,Bally 1977,,,
Evil Dead 2,Evil Dead 2,Original 2019,"evil,dead",darkness,
Evil Dead 3 Army of Darkness,Evil Dead 3: Army of Darkness,Original 2020,"evil,dead,darkness",,
Evil Fight,Evil Fight,Playmatic 1980,,,
Excalibur,Excalibur,Gottlieb 1988,,,
Exorcist,The Exorcist,Original 2023,,,
Extremoduro Pinball,Extremoduro Pinball,Original 2021,,,
F-14 Tomcat,F-14 Tomcat,Williams 1987,"tomcat,14",,
Faces,Faces,Sonic 1976,"Faces,Sonic,1976",,Faces.txt
Faeton,Faeton,Juegos Populares 1985,,,
Fair Fight,Fair Fight,Recel 1978,,,
Fallout Season 1,Fallout Season 1,Original 2024,,,
Fallout Vault Edition,Fallout Vault Edition 2.0,Original 2024,,,
Family Guy,Family Guy,Stern 2007,,road,
Family Guy Road To The North Pole,Family Guy: Road To The North Pole,Original 2019,"road,family,guy",,
Fan-Tas-Tic,Fan-Tas-Tic,Williams 1972,,,Fantastic.txt
Far Cry 3 Blood Dragon,Far Cry 3 Blood Dragon,Original 2018,,,
Far Out,Far Out,Gottlieb 1974,"Far,Out,Gottlieb,1974",,FarOut_74VPX.txt
Farfalla,Farfalla,Zaccaria 1983,,,
Fashion Show,Fashion Show,Gottlieb 1962,"Fashion,Show,Gottlieb,1962",,FashionShow_1962.txt
Fast Draw,Fast Draw,Gottlieb 1975,"Fast,Draw,Gottlieb,1975",,FastDraw_75VPX.txt
Fathom,Fathom,Bally 1981,,,
Fifteen,Fifteen,Inder 1974,"Fifteen,Inder,1974",,fifteen.txt
Fifth Element,The Fifth Element,Original 2022,,,
Fire Action,Fire Action,Taito 1980,,,
Fire Action De Luxe,Fire Action De Luxe,Taito 1983,,,
Fire Queen,Fire Queen,Gottlieb 1977,,,
Fire!,Fire!,Williams 1987,"fire,williams,1987","fireball,action,power,potter,ready,solar,queen",
Fireball,Fireball,Bally 1972,fireball,"2023,1981",
Fireball 2,Fireball 2,Bally 1981,fireball,"2023,1972",
FireballXL5,Fireball XL 5,Original 2023,,"1981,1972",
Firecracker,Firecracker,Bally 1971,,,Firecracker_71VPX.txt
Firepower,Firepower,Williams 1980,firepower,"1983,a.i.",
Firepower II,Firepower II,Williams 1983,"firepower,1983",1980,
FirePower Vs AI,FirePower Vs A.I.,Williams 1980,"firepower,a.i.",1983,
FirePower Vs AI,FirePower Vs AI,Williams 1980,"firepower,ai",1983,
Fish Tales,Fish Tales,Williams 1992,,,
Five Nights at Freddy,Five Nights at Freddy's,Original 2021,,,
FJ,FJ,Hankin 1978,"FJ,Hankin,1978",,
Flash,The Flash,Original 2018,"flash,the","gordon,flashman",
Flash,Flash,Williams 1979,flash,"gordon,the,flashman",
Flash Gordon,Flash Gordon,Bally 1981,,,
Flashman,Flashman,Sportmatic 1984,,,
Fleetwood Mac,Fleetwood Mac,Original 2025,,,
Flicker,Flicker,Bally 1974,"Flicker,Bally,1974",,Flicker_1974_v2.txt
Flight 2000,Flight 2000,Stern 1980,,,
Flintstones,The Flintstones,Williams 1994,Flintstones,custom,
Flintstones Mod,The Flintstones Mod,Williams 1994,"Flintstones,custom",,
Flip a Card,Flip a Card,Gottlieb 1970,"Flip,a,Card,Gottlieb,1970",,FlipACard_70VPX.txt
Flip Flop,Flip Flop,Bally 1976,,,FlipFlop.txt
Flipper Fair,Flipper Fair,Gottlieb 1961,"Flipper,Fair,Gottlieb,1961",,FlipperFair_61VPX.txt
Flipper Football,Flipper Football,Capcom 1996,,,
Flipper Pool,Flipper Pool,Gottlieb 1965,"Flipper,Pool,Gottlieb,1965",,FlipperPool_65VPX.txt
Flying Carpet,Flying Carpet,Gottlieb 1972,"Flying,Carpet,Gottlieb,1972",,
Flying Chariots,Flying Chariots,Gottlieb 1963,,,FlyingChariots_63VPX.txt
Flying Turns,Flying Turns,Midway 1964,,,
Fog,The Fog,Original 2020,"The,Fog,Original,2020",,The_Fog_1979.txt
Foo Fighters,JPs Foo Fighters,Original 2025,"Foo,Fighters,Original,2020",,
Football,Football,Taito do Brasil 1979,"Football,Taito,do,Brasil,1979",,
Force,Force,LTD 1980,"Force,LTD,1980",,
Force II,Force II,Gottlieb 1981,,,
Four Million BC,Four Million B.C.,Bally 1971,"Four,Million,Bally,1971",,Four Million BC Bally 1971 v2.txt
Four Seasons,Four Seasons,Gottlieb 1968,"Four,Seasons,Gottlieb,1968",,FourSeasons_68VPX.txt
Frank Thomas' Big Hurt,Frank Thomas' Big Hurt,Gottlieb 1995,"Frank,Thomas,Big,Hurt,Gottlieb,1995",,
"Freddy, A Nightmare on Elmstreet",Freddy - A Nightmare on Elm Street,Gottlieb 1994,"freddy,nightmare",original,
Freddy's Nightmares,Freddy's Nightmares,Original 2025,"freddy,nightmares",,
Free Fall,Free Fall,Gottlieb 1974,"Free,Fall,Gottlieb,1974",,
Freedom,Freedom,Bally 1976,"Freedom,Bally,1976",,Freedom_76VPX.txt
Freefall,Freefall,Stern 1981,,,
Friday the 13th,JP's Friday the 13th,Original 2021,"Friday,13th",,
Frontier,Frontier,Bally 1980,,,
From Dusk Till Dawn,From Dusk Till Dawn,Original 2022,,,
Frozen,Frozen,Original 2016,,,
Full,Full,Recreativos Franco 1977,"Full,Recreativos,Franco,1977",,Full_77VPX.txt
Full House,Full House,Williams 1966,"Full House,Williams,1966",,
Fun Fair,Fun Fair,Gottlieb 1968,"Fun,Fair,Gottlieb,1968",,
Fun Land,Fun Land,Gottlieb 1968,"Fun,Land,Gottlieb,1968",,FunLand_68VPX.txt
Fun Park,Fun Park,Gottlieb 1968,"Fun,Park,Gottlieb,1968",,
Fun-Fest,Fun-Fest,Williams 1973,"Fun-Fest,Williams,1973",,
FunHouse,FunHouse,Williams 1990,,,
Futurama,Futurama,Original 2024,,,
Future Spa,Future Spa,Bally 1979,,,
Galaxia,Galáxia,LTD 1975,"Galaxia,LTD,1975",,LTDGalaxia.txt
Galaxie,Galaxie,Gottlieb 1971,"Galaxie,Gottlieb,1971",,
Galaxy,Galaxie,Gottlieb 1971,,"stern,gotg,guardians,quest,sega,space",
Galaxy,Galaxy,Stern 1980,,"gottlieb,gotg,guardians,quest,sega,space",
Galaxy,Galaxy,Sega 1973,,"stern,gottlieb,gotg,guardians,quest,space",
Galaxy play,Galaxy play,CIC Play 1986,,,
Galaxy Quest,Galaxy Quest,original,,,
Gamatron,Gamatron,Sonic 1986,,,
Game of Thrones,Game of Thrones,Original 2021,,,
Games,The Games,Gottlieb 1984,"games,gottlieb",,
Gargamel park,Gargamel park,Original 2016,,,
Gaucho,Gaucho,Gottlieb 1963,"Gaucho,Gottlieb,1963",,Gaucho_63VPX.txt
Gay 90s,Gay 90's,Williams 1970,"Gay,90,Williams,1970",,
Gemini,Gemini,Gottlieb 1978,"Gemini,Gottlieb,1978",,
Gemini 2000,Gemini 2000,Taito 1982,,,
Genesis,Genesis,Gottlieb 1986,,,
Genie,Genie,Gottlieb 1979,,,
Getaway High Speed II,The Getaway: High Speed II,Williams 1992,getaway,,
Get Smart,Get Smart,Original 2021,,,
Ghostbusters,Ghostbusters,Stern 2016,,"MOD,slimer,premium",
Ghostbusters Art MOD,Ghostbusters Art MOD,Original 2020,"Ghostbusters,MOD","slimer,premium",
Ghostbusters Premium,Ghostbusters Premium,Stern 2016,,,
Ghostbusters Slimer,JP's Ghostbusters Slimer,Original 2016,"ghostbusters,slimer",,
Ghosts 'N Goblins,Ghosts 'N Goblins,Original 2018,,,
Giana Sisters,Giana Sisters,Original 2018,,,
Gigi,Gigi,Gottlieb 1963,"Gigi,Gottlieb,1963",,Gigi_63VPX.txt
GIJoe Real American Hero,G.I. Joe - A Real American Hero,Original 2017,"real,american,hero",,
Gilligan's Island,Gilligan's Island,Bally 1991,"gilligan,island",,
Gladiators,Gladiators,Gottlieb 1993,,,
Godzilla,Godzilla,Sega 1998,"godzilla,sega","stern,mash",
Godzilla,Godzilla Mash-up,Sega-Stern 2022,"godzilla,mash,up",,
Godzilla,Godzilla: King of Monsters,Stern 2021,"godzilla,stern","sega,mash",
Goin Nuts,Goin' Nuts,Gottlieb 1983,,,
Gold Ball,Gold Ball,Bally 1983,"gold,ball,1983",Goldchicco,
Gold Mine,Gold Mine,Williams 1988,"Gold,Mine,Williams,1988",,
Gold Rush,Gold Rush,Williams 1971,,,
Gold Strike,Gold Strike,Gottlieb 1975,"Gold,Strike,Gottlieb,1975",,
Gold Wings,Gold Wings,Gottlieb 1986,,,
Golden Arrow,Golden Arrow,Gottlieb 1977,,,
Golden Axe,Golden Axe,Original 2018,,,
Golden Cue,Golden Cue,Sega 1998,,,
Goldeneye,Goldeneye,Sega 1996,"golden,eye",,
Goldorak,Goldorak,Original 2017,,,
Goonies,Goonies,Original 2019,"Goonies,Original,2019",Adventure,
Goonies - Pinball Adventure,The Goonies Pinball Adventure,Original 2019,"Goonies,Pinball,Adventure",,
Goonies Never Say Die Pinball,The Goonies: Never Say Die Pinball!,Original 2021,,,
Gorgar,Gorgar,Williams 1979,,,
GORILLAZ,GORILLAZ,Original 2024,,,
Gork,Gork,Taito 1983,,,
Grande Domino,Gran Domino,Gottlieb 1967,"Gran,Domino,Gottlieb,1967",,
Grand Lizard,Grand Lizard,Williams 1986,,,
Grand Prix,Grand Prix,Williams 1976,"Grand,Prix,Williams,1976",,
Grand Prix,Grand Prix,Stern 2005,"Grand,Prix,Stern,2005",,GrandPrix_76VPX.txt
Grand Slam,Grand Slam,Gottlieb 1972,,,GrandSlam_72VPX.txt
Grand Tour,Grand Tour,Bally 1964,"Grand,Tour,Bally,1964",,GrandTour_1964_v2.txt
Granny and the Gators,Granny and the Gators,Bally 1984,"Granny,and,the,Gators,Bally,1984",,
Grease,Grease,Original 2023,"grease,original",,
Great Houdini,The Great Houdini,Original 2022,"the,great,houdini",,
Gremlins,Gremlins,Original 2019,,,
Gridiron,Gridiron,Gottlieb 1977,,,Gridiron_77VPX_2.txt
Grinch,The Grinch,Original 2022,"Grinch,Original,2022",,TheGrinch.txt
Groovy,Groovy,Gottlieb 1970,"Groovy,Gottlieb,1970",,
Guardians Of The Galaxy,Guardians Of The Galaxy,Stern 2017,gotg,"guardians,galaxy",
Guardians Of The Galaxy,Guardians Of The Galaxy,Stern 2017,"guardians,galaxy",gotg,
Gulfstream,Gulfstream,Williams 1973,"Gulfstream,Williams,1973",,gulfStream_1973_v2.txt
Gun Men,Gun Men,Staal 1979,"gun,men,staal,1979",,
Guns N Roses,Guns N Roses,Data East 1994,,,
Gunship,Gunship,Original 2023,"gunship,original,2023",,
Hall and Oates,Hall and Oates,Original 2024,,,
Halley Comet,Halley Comet,Juegos Populares 1986,,Williams,
Halloween,Halloween 1978-1981,Original 2022,halloween,"meyers,adventure,clever",
Halloween Michael Myers Pinball Adventures,Halloween Michael Myers Pinball Adventures,Original 2018,,,
Hang Glider,Hang Glider,Bally 1976,,,HangGlider_76VPX.txt
Hank Williams Pinball,Hank Williams Pinball,Original 2022,,,
Hardbody,Hardbody,Bally 1987,,,
Harlem Globetrotters,Harlem Globetrotters,Bally 1979,,,
Harley Davidson,Harley Davidson,Bally 1991,,Sega,
Harley Davidson,Harley Davidson,Sega 1999,,Bally,
Harley Quinn,Harley Quinn,Original 2017,,,
Harmony,Harmony,Gottlieb 1967,"Harmony,Gottlieb,1967",,
Harry Potter - Goblet of Fire,Harry Potter - Goblet of Fire,Original 2020,"harry,potter",,
Hateful Eight,The Hateful Eight,Original 2021,,,
Haunted House,Haunted House,Gottlieb 1982,,,
Hawkman,Hawkman,Taito 1983,,,
Hearts and Spades,Hearts and Spades,Gottlieb 1969,"Hearts,and,Spades,Gottlieb,1969",,
Hearts Gain,Hearts Gain,Inder 1971,"Hearts,Gain,Inder,1971",,heartsgain.txt
Heat Wave,Heat Wave,Williams 1964,"Heat,Wave,Williams,1964",,HeatWave_1964_v2.txt
Heavy Metal,Heavy Metal,Rowamet 1981,"Heavy,Metal,Rowamet,1981",,
Heavy Metal Meltdown,Heavy Metal Meltdown,Bally 1987,,,
Hellboy Pinball,Hellboy Pinball,Original 2024,,,
Hellraiser,Hellraiser,Original 2022,,,
Hercules,Hercules,Atari 1979,,,
Hi Score Pool,Hi Score Pool,Chicago Coin 1971,,,
Hi-Deal,Hi-Deal,Bally 1975,"Hi-Deal,Bally,1975",,
Hi-Diver,Hi-Diver,Gottlieb 1959,"Hi-Diver,Gottlieb,1959",,hidiver.txt
Hi-Lo,Hi-Lo,Gottlieb 1969,"Hi-Lo,Gottlieb,1969",,
Hi-Lo Ace,Hi-Lo Ace,Bally 1973,"Hi-Lo,Ace,Bally,1973",,HiLoAce_73VPX.txt
Hi-Score,Hi-Score,Gottlieb 1967,Gottlieb 1967,,hi-score.txt
High Hand,High Hand,Gottlieb 1973,,,HighHand_73_2VPX.txt
High Roller Casino,High Roller Casino,Stern 2001,,,
High Seas,High Seas,Gottlieb 1976,"High,Seas,Gottlieb,1976",,
High Speed,High Speed,Williams 1986,"high,speed",getaway,
Hiphop,Hiphop,Original 2024,"Hiphop,original,2024",,
Hit the Deck,Hit the Deck,Gottlieb 1978,"Hit,the,Deck,Gottlieb,1978",,HitTheDeck_78VPX.txt
Hokus Pokus,Hokus Pokus,Bally 1976,"Hokus,Pokus,Bally,1976",,HokusPokus_76VPX.txt
Hollywood Heat,Hollywood Heat,Gottlieb 1986,,,
Home Alone,Home Alone,Original 2019,,,
Home Run,Home Run,Gottlieb 1971,"Home,Run,Gottlieb,1971",,
Honey,Honey,Williams 1971,"Honey,Williams,1971",,honeyVPX.txt
Hook,Hook,Data East 1992,,,
Hoops,Hoops,Gottlieb 1991,,,
Horrorburg,JP's Horrorburg,Original 2023,,,
Hot Ball,Hot Ball,Taito do Brasil 1979,"Hot,Ball,Taito,do,Brasil,1979",,
Hot Hand,Hot Hand,Stern 1979,"Hot,Hand,Stern,1979",,
Hot Line,Hot Line,Williams 1966,"Hot,Line,Williams,1966",,
Hot Rod,Hot Rod,Gottlieb 1977,"Hot,Rod,Gottlieb,1977",,
Hot Shot,Hot Shot,Gottlieb 1973,"Hot,Shot,Gottlieb,1973",,
Hot Tip,Hot Tip,Williams 1977,"Hot,Tip,Williams,1977",,
Hotdoggin,Hotdoggin,Bally 1980,Doggin,,
Houdini Master of Mystery,Houdini<br/>Master of Mystery,American Pinball 2017,houdini,"theatre,great",
House of Diamonds,House of Diamonds,Zaccaria 1978,"House,of,Diamonds,Zaccaria,1978",,
Humpty Dumpty,Humpty Dumpty,Gottleb 1947,,,
Hunter,Hunter,Jennings 1935,"Hunter,Jennings,1935",,JenningsHunter.txt
Hurricane,Hurricane,Williams 1991,,,
Hustler,Hustler,LTD 1980,"Hustler,LTD,1980",,
Hyperball,Hyperball,Williams 1981,"Hyperball,Williams,1981",,
I Dream of Jeannie,I Dream of Jeannie,Original 2019,,,
Ice Cold Beer,Ice Cold Beer,Tatto 1993,,,
Ice Fever,Ice Fever,Gottlieb 1985,,,
Impacto,Impacto,Recreativos Franco 1975,"Impacto,Recreativos,Franco,1975",,
Incredible Hulk,The Incredible Hulk,Gottlieb 1979,,,
Independence Day,Independence Day,Sega 1996,,,
Infected Mushroom Pinball,Infected Mushroom Pinball,Original 2025,,,
Indiana Jones,Indiana Jones,Stern 2008,,adventure,
Indiana Jones - The Pinball Adventure,Indiana Jones - The Pinball Adventure,Williams 1993,"indiana,jones,adventure",,
Indianapolis 500,Indianapolis 500,Bally 1995,indianapolis,,
Iron Maiden,Iron Maiden,Stern 1982,,"time,legacy",
Iron Maiden Legacy of the Beast,Iron Maiden - Legacy of the Beast,Original 2022,"Iron,Maiden,legacy",,
Iron Maiden Virtual Time,Iron Maiden - Virtual Time,Original 2020,"Iron,Maiden,time",,
Iron Man,Iron Man,Stern 2010,,,
Iron Mike Tyson,Iron Mike Tyson,Original 2024,,,
IT Pinball Madness,JP's IT - Pinball Madness,Original 2022,,,
Jack Daniel's,Jack Daniel's,Original 2020,"jack,daniel",,
Jack In The Box,Jack In The Box,Gottlieb 1973,"Jack,In,The,Box,Gottlieb,1973",,JackInTheBox_73_2VPX.txt
Jack-Bot,Jack-Bot,Williams 1995,"jack,bot",,
Jackpot,Jackpot,Williams 1971,"Jackpot,Williams,1971",,
Jacks to Open,Jacks to Open,Gottlieb 1984,"Jacks,Open,Gottlieb,1984",,
Jacks Open,Jacks Open,Gottlieb 1977,"Jacks,Open,Gottlieb,1977",,JacksOpen.txt
Jake Mate,Jake Mate,Petaco 1974,"Jake,Mate,Petaco,1974",,
James Bond 007,James Bond 007,Gottlieb 1980,"james,bond,1980",,
James Bond 007 60th edition,James Bond 007 - 60th Anniversary<br>Limited Edition,Stern 2023,"james,bond,60th,stern","dr,no",
James Bond 007 Dr. No,James Bond 007: DR. NO Pro Edition,Stern 2023,"james,bond,dr,no,stern",,
Jaws,JAWS!,Original 2018,,"anniversary",
JAWS 50th Anniversary,JAWS 50th Anniversary,Original 2025,,,
Jayce conquerants lumiere,Jayce et les conquerants de la lumiere,Original 2023,,,
Jessica Rabbit,Jessica Rabbit,Original 2024,"Jessica,Rabbit,Original",,
Jet Spin,Jet Spin,Gottlieb 1977,,,
Jive Time,Jive Time,Williams 1970,,,
Joe Bar Team,Joe Bar Team,Original 2020,,,
John Wick,John Wick - BABAYAGA Pinball edition,Original 2023,,,
Johnny Mnemonic,Johnny Mnemonic,Williams 1995,,,
Joker,Joker,Gottlieb 1950,"Joker,Gottlieb,1950",,
Joker Poker EM,Joker Poker EM,Gottlieb 1978,"Joker,Poker,EM,Gottlieb,1978",,
Joker Poker SS,Joker Poker SS,Gottlieb 1978,"joker,poker",,
Joker Wild,Joker Wild,Bally 1970,"Joker,Wild,Bally,1970",,
Jokerz!,Jokerz!,Williams 1988,jokerz,,
Jolly Park,Jolly Park,Spinball 1996,,,
Jolly Roger,Jolly Roger,Williams 1967,"Jolly,Roger,Williams,1967",,
Joust,Joust,Williams 1983,,,
Jubilee,Jubilee,Williams 1973,"Jubilee,Williams,1973",,
Judas Priest Pinball,Judas Priest Pinball,Original 2019,"Judas,Priest,Pinball,Original,2019",,
Judge Dredd,Judge Dredd,Bally 1993,,,
Jumanji,Jumanji,Original 2023,,,
Jumping Jack,Jumping Jack,Gottlieb 1973,,,JumpingJack_73_2VPX.txt
Jungle,Jungle,Gottlieb 1972,"Jungle,Gottlieb,1972",,Jungle_72VPX.txt
Jungle King,Jungle King,Gottlieb 1973,"Jungle,King,Gottlieb,1973",,JungleKing_73VPX.txt
Jungle Life,Jungle Life,Gottlieb 1972,,,
Jungle Lord,Jungle Lord,Williams 1981,,,
Jungle Princess,Jungle Princess,Gottlieb 1977,"Jungle,Princess,Gottlieb,1977",,
Jungle Queen,Jungle Queen,Gottlieb 1977,"Jungle,Queen,Gottlieb,1977",,
Junk Yard,Junk Yard,Williams 1996,,cats,
Junkyard Cats,Junkyard Cats,Bailey 2012,,williams,
Jurassic Park,Jurassic Park,Data East 1993,,lost,
Kick Off,Kick Off,Bally 1977,"kick,off,bally,1977",,KickOff_77VPX.txt
Kickoff,Kickoff,Williams 1967,"Kickoff,Williams,1967",,
Kidnap,Kidnap,CIC Play 1986,,,
Killer Instinct,KILLER INSTINCT,Original 2024,,,
Killers Hall of Fame,Killers - Hall of Fame,Original 2023,killers,,
Kim Wilde,Kim Wilde,Original 2020,,,
King Kong,King Kong,Data East 1990,,,
King Kool,King Kool,Gottlieb 1972,"King,Kool,Gottlieb,1972",,
King of Diamonds,King of Diamonds,Gottlieb 1967,"King,of,Diamonds,Gottlieb,1967",,KingOfDiamonds_67VPX.txt
King of the Hill,King of the Hill,Original 2025,,,
King Pin,King Pin,Williams 1962,"King,Pin,Williams,1962",kingpin,KingPin_62VPX.txt
King Pin,King Pin,Gottlieb 1973,"King,Pin,Gottlieb,1973",kingpin,KingPin_73VPX.txt
King Rock,King Rock,Gottlieb 1972,,,KingRock_72VPX.txt
King Tut,King Tut,Bally 1969,"King,Tut,Bally,1969","Williams,1979",
King Tut,King Tut,Williams 1979,"King,Tut,Williams,1979",,
Kingdom,Kingdom,J. Esteban 1980,"Kingdom,Esteban",,
Kingpin,Kingpin,Capcom 1996,"Kingpin,Capcom,1996",,
Kings & Queens,Kings & Queens,Gottlieb 1965,"Kings,Queens,Gottlieb,1965",,KingsAndQueens_65VPX.txt
Kings of Steel,Kings of Steel,Bally 1984,"Kings,of,Steel,Bally,1984",,
KISS,KISS,Bally 1979,,"Stern,Scooby,elvira",
KISS,KISS,Stern 2016,,"Bally,Scooby,elvira",
Klondike,Klondike,Williams 1971,,,Klondike1971.txt
Knock Out,Knock Out,Gottlieb 1950,"Knock,Out,Gottlieb,1950",,Knockout_50VPX.txt
Kong vs Godzilla,Kong vs Godzilla,Original 2023,"Kong,Godzilla,Original,2023",,
Krull,Krull,Gottlieb 1983,,,
Kung Fu,Kung Fu,LTD 1975,,,LTDKungFu.txt
Lady Death,Lady Death,Geiger 1983,"Lady,Death,Geiger,1983",,
Lady Luck,Lady Luck,Bally 1986,,,
Lap by Lap,Lap by Lap,Inder 1986,,,
Lariat,Lariat,Gottlieb 1969,"Lariat,Gottlieb,1969",,
Laser Ball,Laser Ball,Williams 1979,,,
Laser Cue,Laser Cue,Williams 1984,,,
Laser War,Laser War,Data East 1987,,,
Last Action Hero,Last Action Hero,Data East 1993,,,
Last Dragon,The Last Dragon,Original 2020,"last,dragon,2020",,
Last Dragon,The Last Dragon,Original 2025,"last,dragon,2025",,
Last Lap,Last Lap,Playmatic 1978,"Last,Lap,Playmatic,1978",,
Last Ninja,The Last Ninja,Original 2018,,,
Last of Us,The Last of Us,Original 2018,,,
Last Starfighter,The Last Starfighter,Original 2019,,,
Lawman,Lawman,Gottlieb 1971,"Lawman,Gottlieb,1971",,
League Champ,League Champ,Williams 1996,,champions,
Lectronamo,Lectronamo,Stern 1978,"Lectronamo,Stern,1978",,
Led Zeppelin,Led Zeppelin,Original 2020,"Led,Zeppelin,Original",mod,LedZeppelin.txt
Led Zeppelin Color,Led Zeppelin - Hauntfreaks Mod,Original 2023,"Led,Zeppelin,Original,mod",,
Legend of Zelda,Legend of Zelda,Original 2015,,,
Lego Pinball,Lego Pinball,Original 2016,"Lego,Pinball,Original,2016",,FarOut_74VPX.txt
Leprechaun King,The Leprechaun King,Original 2019,,,
Lethal Weapon,Lethal Weapon 3,Data East 1992,,,
Liberty Bell,Liberty Bell,Williams 1977,"Liberty,Bell,Williams,1977",,
Lightning,Lightning,Stern 1981,,ball,
Lightning ball,Lightning Ball,Gottlieb 1959,,,LightningBall_59VPX.txt
Lights Camera Action,Lights Camera Action,Premier 1989,,,
Line Drive,Line Drive,Williams 1972,,,
Lion King,Disney's The Lion King,Original 2020,"lion,king",,
Linkin Park,Linkin Park,Original 2020,"Linkin,Park,Original,2020",,
Little Chief,Little Chief,Williams 1975,,,littlechief.txt
Little Joe,Little Joe,Bally 1972,"Little,Joe,Bally,1972",,LittleJoe_71VPX.txt
Loch Ness Monster,Loch Ness Monster,GamePlan 1985,"Loch,Ness,Monster,GamePlan,1985",,
Locomotion,Locomotion,Zaccaria 1981,,,
Lord of the Rings,Lord of the Rings,Stern 2003,"Lord,Rings",valinor,
Lord of the Rings Valinor Edition,Lord of the Rings - Valinor Edition,Stern 2003,"Lord,Rings,Valinor",,
Lortium,Lortium,Juegos Populares 1987,,,
Lost in Space,Lost in Space,Sega 1998,,,
Lost World,Lost World,Bally 1978,,"jurassic,escape",
Lost World Jurassic Park,The Lost World - Jurassic Park,Sega 1997,,,
Love Bug,Love Bug,Williams 1971,"Love,Bug,Williams,1971",,
Luck Smile,Luck Smile,Inder 1976,,,lucksmile4.txt
Lucky Ace,Lucky Ace,Williams 1974,"Lucky,Ace,Williams,1974",,LuckyAce_74VPX.txt
Lucky Hand,Lucky Hand,Gottlieb 1977,"Lucky,Hand,Gottlieb,1977",,
Lucky Luke,Lucky Luke,Gottlieb 1975,,,
Lucky Seven,Lucky Seven,Williams 1978,,,
Lucky Strike,Lucky Strike,Taito Do Brazil,,,
Lunelle,Lunelle,Taito 1982,,,
Mac Galaxy,Mac Galaxy,MAC 1986,,,
Mac Jungle,Mac Jungle,MAC 1987,,,
Machine - Bride of Pinbot,The Machine - Bride of Pinbot,Williams 1991,"machine,bride,pin,bot",,
Mad Max 2 The Road Warrior,Mad Max 2 - The Road Warrior,Original 2019,,,
Mad Race,Mad Race,Playmatic 1985,,,
Mad Scientist,Mad Scientist,Original 2018,,,
Magic,Magic,Stern 1979,"magic,stern,1979","castle,pinball,the",
Magic Castle,Magic Castle,Zaccaria 1984,"magic,castle,zaccaria",,
Magic Circle,Magic Circle,Bally 1965,"Magic,Circle,Bally,1965",,
Magic City,Magic City,Williams 1967,,,MagicCity_67VPX.txt
Magic Clock,Magic Clock,Williams 1960,"Magic,Clock,Williams,1960",,MagicClock_60VPX.txt
Magic The Pinball,Magic: The Pinball,Original 2020,"magic,pinball,the",,
Magnotron,Magnotron,Gottlieb 1974,"Magnotron,Gottlieb,1974",,Magnotron_74VPX.txt
Mandalorian,Mandalorian Re-Theme,Original 2023,mandalorian,stern,
Mandalorian,Mandalorian,Stern 2021,"mandalorian,stern",,
Manowar,Manowar,Original 2019,"Manowar,Original,2019",gottlieb,
Mariner,Mariner,Bally 1971,"Mariner,Bally,1971",,mariner_1971_v2.txt
Mario Andretti,Mario Andretti,Gottlieb 1995,,,
Mars God of War,Mars God of War,Gottlieb 1981,,,
Mars Trek,Mars Trek,Sonic 1977,,,MarsTrek_77VPX.txt
Martian Queen,Martian Queen,LTD do Brasil 1981,,,
Mary Shelley's Frankenstein,Mary Shelley's Frankenstein,Sega 1995,frankenstein,young,
Masquerade,Masquerade,Gottlieb 1966,,,masquerade.txt
Mask,Mask,Original 2023,mask,the,
Mask,The Mask,Original 2019,"the,mask",,
Masters of the Universe,Masters of the Universe,Original 2018,,,
Mata Hari,Mata Hari,Bally 1978,,,
Matrix,The Matrix,Original 2023,,,
Maverick,Maverick,Data East 1994,,,
Medieval Madness,Medieval Madness,Williams 1997,,,
Medusa,Medusa,Bally 1981,,,
Megadeth,Megadeth,Original 2023,,,
Melody,Melody,Gottlieb 1967,"Melody,Gottlieb,1967",,
Memory Lane,Memory Lane,Stern 1978,,,
Mephisto,Mephisto,Cirsa 1987,"Mephisto,Cirsa,1987",,
Merry-Go-Round,Merry Go Round,Gottlieb 1960,"Merry-Go-Round,Gottlieb,1960",,
Metal Man,Metal Man,Inder 1992,,,
Metal Slug,Metal Slug,Original,,,
Metallica,Metallica,Stern 2013,,,
Meteor,Meteor,Taito Do Brazil 1979,,stern,
Meteor,Meteor,Stern 1979,,taito,
Metropolis,Metropolis,Maresa 1982,"Metropolis,Maresa,1982",,metropolis.txt
Metropolis Reborn,Metropolis Reborn,Original 2022,"Metropolis,Reborn,2022",,
Mibs,Mibs,Gottlieb 1969,"Mibs,Gottlieb,1969",,MIBS_69VPX.txt
Michael Jordan,Michael Jordan,Data East 1992,"Michael,Jordan,Data,East,1992",,
Mickey Mouse in Steamboat Willie,Mickey Mouse in Steamboat Willie,Original 2022,"mickey,mouse,steamboat",,
Midnight Magic,Midnight Magic,Atari 1986,"Midnight,Magic,Atari,1986",,
Millionaire,Millionaire,Williams 1978,,,
Minecraft,Minecraft,Original 2020,,,
Mini Cycle,Mini Cycle,Gottlieb 1970,"Mini,Cycle,Gottlieb,1970",,MiniCycle_70VPX.txt
Mini Pool,Mini Pool,Gottlieb 1969,"Mini,Pool,Gottlieb,1969",,MiniPool_69VPX.txt
Minions,Minions,Original 2017,,,
Miraculous,Miraculous,Original 2019,,,
Misfits,Misfits,Original 2019,,,
Miss World,Miss World,Geiger 1982,,,
Miss-O,Miss-O,Williams 1969,"Miss-O,Williams,1969",,
Missing In Action Chuck Norris,Missing In Action - Chuck Norris,Original 2018,,,
Mississippi,Mississippi,Recreativos Franco 1973,"Mississippi,Recreativos,Franco,1973",,Mississipi.txt
Mobile Suit Gundam,Mobile Suit Gundam,Original 2024,,,
Monaco,Monaco,Segasa 1977,,,Monaco_77VPX.txt
Monday Night Football,Monday Night Football,Data East 1989,,,
Monkey Island,Monkey Island,Original 2016,,,
Monopoly,Monopoly,Stern 2001,,"wow,warcraft",
Monopoly Warcraft,Monopoly Warcraft,Original 2024,"Monopoly,Warcraft,2024",,
Monster Bash,Monster Bash,Williams 1998,,,
Monte Carlo,Monte Carlo,Gottlieb 1987,,,
Moon Light,Moon Light,Inder 1987,"Moon,Light,Inder,1987",,
Mopar Madness,Mopar Madness,Original 2015,,,
Mortal Kombat II,Mortal Kombat II,Original 2016,,,
Motor Show,Motor Show,Mr. Game 1989,,,
Motordome,Motordome,Bally 1986,,,
motörhead,Motörhead,Original 2018,,motorhead,
Motorhead,Motörhead,Original 2018,,motörhead,
Moulin Rouge,Moulin Rouge,Williams 1965,,,moulinrouge.txt
Mousin Around,Mousin' Around,Bally 1989,"mousin,around",,
MF Doom,MF Doom,Original 2022,,"classic,2019,recel",
Mr Mrs Pac-Man,Mr. & Mrs. Pac-Man,Bally 1982,,,
Mr Black,Mr. Black,Taito 1984,"mr,black,taito",,
Mr Doom,Mr. Doom,Recel 1979,"mr,doom,recel",,
Mr Evil,Mr. Evil,Recel 1979,"Mr,Evil,Recel,1979",,
Mundial 90,Mundial 90,Inder 1990,"Mundial,90,Inder,1990",,
Munsters,The Munsters,Original,,,
Mustang,Mustang,Gottlieb 1977,"Mustang,Gottlieb",,Mustang_77VPX.txt
Mustang LE,Mustang LE,Stern 2014,"mustang,stern",,
Mystery Castle,Mystery Castle,Alvin G 1993,,,
Mystic,Mystic,Bally 1980,,,
Nags,Nags,Williams 1960,"Nags,Williams,1960",,
Nairobi,Nairobi,Maresa 1966,"Nairobi,Maresa,196",,nairobi.txt
Nascar,Nascar,Stern 2005,,,
National Lampoons X-Mas Vacation,National Lampoons - X-Mas Vacation,Original 2019,,,
Nautilus,Nautilus,Playmatic 1984,"Nautilus,Playmatic,1984",,
NBA,NBA,Stern 2009,"nba,stern,2009","fastbreak,pinball",
NBA Fastbreak,NBA Fastbreak,Bally 1997,,,
Need for Speed,Need for Speed,Original 2018,,,
Nemesis,Nemesis,Peyper 1986,,,
Neptune,Neptune,Gottlieb 1978,"Neptune,Gottlieb,1978",,
New Wave,New Wave,Bell Games 1985,,,
New World,New World,Playmatic 1976,"New,World,Playmatic,1976",,
New York,New York,Gottlieb 1976,"New,York,Gottlieb,1976",,NewYork_76VPX.txt
NFL,NFL,Stern 2001,,original,
NFL Rams,NFL<br>Rams Edition,Original 2023,"nfl,rams",stern,
NFL Patriots,NFL<br>Patriots Edition,Original 2023,"nfl,patriots",stern,
NFL Packers,NFL<br>Packers Edition,Original 2023,"nfl,packers",stern,
NFL Cowboys,NFL<br>Cowboys Edition,Original 2023,"nfl,cowboys",stern,
NFL 49ers,NFL<br>49ers Edition,Original 2023,"nfl,49ers",stern,
NFL Seahawks,NFL<br>Seahawks Edition,Original 2023,"nfl,seahawks",stern,
NFL Ravens,NFL<br>Ravens Edition,Original 2023,"nfl,ravens",stern,
NFL Saints,NFL<br>Saints Edition,Original 2023,"nfl,saints",stern,
NFL Steelers,NFL<br>Steelers Edition,Original 2023,"nfl,steelers",stern,
NFL Texans,NFL<br>Texans Edition,Original 2023,"nfl,texans",stern,
NFL Vikings,NFL<br>Vikings Edition,Original 2023,"nfl,vikings",stern,
NFL Raiders,NFL<br>Raiders Edition,Original 2023,"nfl,raiders",stern,
NFL Titans,NFL<br>Titans Edition,Original 2023,"nfl,titans",stern,
NFL Jets,NFL<br>Jets Edition,Original 2023,"nfl,jets",stern,
NFL Panthers,NFL<br>Panthers Edition,Original 2023,"nfl,panthers",stern,
NFL Lions,NFL<br>Lions Edition,Original 2023,"nfl,lions",stern,
NFL Colts,NFL<br>Colts Edition,Original 2023,"nfl,colts",stern,
NFL Commanders,NFL<br>Commanders Edition,Original 2023,"nfl,commanders",stern,
NFL Eagles,NFL<br>Eagles Edition,Original 2023,"nfl,eagles",stern,
NFL Dolphins,NFL<br>Dolphins Edition,Original 2023,"nfl,dolphins",stern,
NFL Falcons,NFL<br>Falcons Edition,Original 2023,"nfl,falcons",stern,
NFL Giants,NFL<br>Giants Edition,Original 2023,"nfl,giants",stern,
NFL Jaguars,NFL<br>Jaguars Edition,Original 2023,"nfl,jaguars",stern,
NFL Buccaneers,NFL<br>Buccaneers Edition,Original 2023,"nfl,buccaneers",stern,
NFL Chargers,NFL<br>Chargers Edition,Original 2023,"nfl,chargers",stern,
NFL Cardinals,NFL<br>Cardinals Edition,Original 2023,"nfl,cardinals",stern,
NFL Chiefs,NFL<br>Chiefs Edition,Original 2023,"nfl,chiefs",stern,
NFL Browns,NFL<br>Browns Edition,Original 2023,"nfl,browns",stern,
NFL Bills,NFL<br>Bills Edition,Original 2023,"nfl,bills",stern,
NFL Bengals,NFL<br>Bengals Edition,Original 2023,"nfl,bengals",stern,
NFL Broncos,NFL<br>Brocos Edition,Original 2023,"nfl,broncos",stern,
NFL Bears,NFL<br>Bears Edition,Original 2023,"nfl,bears",stern,
Night Moves,Night Moves,Internationsl Concepts 1989,,,
Night Rider,Night Rider,Bally 1976,"Night,Rider,Bally,1976",,
Nightmare Before Christmas,The Nightmare Before Christmas,Original 2024,,,
Night of the Living Dead,Night of the Living Dead '68,Original 2018,"Night,Living,Dead",,NOTLD68VPX.txt
Nine Ball,Nine Ball,Stern 1980,,,
Nip-it,Nip-it,Bally 1973,,,NipIt_73VPX.txt
Nitro Ground Shaker,Nitro Ground Shaker,Bally 1980,,,
No Fear Dangerous Sports,No Fear: Dangerous Sports,Williams 1995,"no,fear",,
No Good Gofers,No Good Gofers,Williams 1997,,,
NOBS,NOBS,Original 2016,"NOBS,Original,2016",,
North Pole,North Pole,Playmatic 1967,"North,Pole,Playmatic,1967",,northpole.txt
North Star,North Star,Gottlieb 1964,"North,Star,Gottlieb,1964",,NorthStar_64VPX.txt
Now,Now,Gottlieb 1971,"now,gottlieb,1971",,Now_71VPX.txt
Nudge-It,Nudge-It,Gottlieb 1990,"Nudge-It,Gottlieb,1990",,
Nudgy,Nudgy,Bally 1947,,,Nudgy_1947_v2.txt
Nugent,Nugent,Stern 1978,"Nugent,Stern,1978",,
Nuka Cola,Nuka Cola - Pop A Top Pinball,Original 2024,,,
O Brother Where Art Thou,O Brother Where Art Thou,Zoss Pinball 2021,,,OBWAT_2021.txt
O Gaucho,O Gaucho,LTD 1975,"O,Gaucho,LTD,1975",,ogaucho.txt
Oba-Oba,Oba-Oba,Taito do Brasil 1978,"Oba-Oba,Taito,do,Brasil,1978",,
Odin Deluxe,Odin Deluxe,Sonic 1985,"Odin,Deluxe,Sonic,1985",,
Odisea Paris-Dakar,Odisea Paris-Dakar,Peyper 1978,"odisea,peyper",,
Old Chicago,Old Chicago,Bally 1976,"old,chicago,bally",,OldChicago_75VPX.txt
Old Coney Island,Old Coney Island,Gameplan 1979,,,
Olympics,Olympics,Gottlieb 1962,"Olympics,Gottlieb,1962",,Olympics_62VPX.txt
Olympics,Olympics,Chicago Coin 1975,"Olympics,Chicago,Coin,1975",,
Olympus,Olympus,Juegos Populares 1986,,wrath,
On Beam,On Beam,Bally 1969,,,onbeam.txt
Once Upon A Time In The West,Once Upon A Time<br>In The West,Original 2019,,,
One Piece,One Piece,Original 2023,,,
Op-Pop-Pop,Op-Pop-Pop,Bally 1969,,,
Operation Thunder,Operation: Thunder,Gottlieb 1992,"operation,thunder",,
Orbit,Orbit,Gottlieb 1971,"Orbit,Gottlieb,1971",,Orbit_71VPX.txt
Orbitor 1,Orbitor 1,Stern 1982,,,
Out of Sight,Out of Sight,Gottlieb 1974,"Out,of,Sight,Gottlieb,1974",,
Outer Space,Outer Space,Gottlieb 1972,"Outer,Space,Gottlieb,1972",,OuterSpace_72VPX.txt
OXO,OXO,Williams 1973,"OXO,Williams,1973",,OXO_1973_v2.txt
Pabst Can Crusher,Pabst Can Crusher,Stern 2016,"Pabst,Can,Crusher,Stern,2016",,
Paddock,Paddock,Williams 1969,"Paddock,Williams,1969",,Paddock_1969.txt
Palace Guard,Palace Guard,Gottlieb 1968,"Palace,Guard,Gottlieb,1968",,
Panthera,Panthera,Gottlieb 1980,,,
Papa Smurf,Papa Smurf,Original JP,,,papasmurf.txt
Paradise,Paradise,Gottlieb 1965,,,
Paragon,Paragon,Bally 1979,,,
Party Animal,Party Animal,Bally 1987,,,
Party Zone,The Party Zone,Bally 1991,"party,zone",,
Pat Hand,Pat Hand,Williams 1975,,,PatHand_75VPX.txt
Paul Bunyan,Paul Bunyan,Gottlieb 1968,,,
PDC World Darts,PDC World Darts,Original 2020,,,
Pennant Fever,Pennant Fever,Williams 1984,,,
PentHouse,PentHouse,Pinball Dreams 2008,,,
Perry Rhodan,Perry Rhodan,Original 2024,"Perry,Rhodan,Original",,
Petaco,Petaco,Juegos Populares 1984,"petaco,1984",,
Petaco 2,Petaco 2,Juegos Populares 1985,"petaco,1985",,
Phantom of the Opera,Phantom of the Opera,Data East 1990,"phantom,opera",,
Pharaoh,Pharaoh,Williams 1981,,"dead,rise",
Pharaoh - Dead Rise,Pharaoh - Dead Rise,Original 2019,"pharaoh,dead,rise",,
Phase II,Phase II,J. Esteban 1975,"Phase,II,Esteban,1975",,
Phoenix,Phoenix,Williams 1978,"Phoenix,Williams",,
Pin-Up,Pin-Up,Gottlieb 1975,"Pin,Up,Gottlieb,1975",,
Pinball Champ '82,Pinball Champ '82,Zaccaria 1982,"pinball,champ,82",,
Pinball Lizard,Pinball Lizard,GamePlan 1980,"Pinball Lizard,Game Plan,1980",,
Pinball Magic,Pinball Magic,Capcom 1995,,the,
Pinball Pool,Pinball Pool,Gottlieb 1979,,,
Pinbot,Pinbot,Williams 1986,pinbot,"machine,bride",
Pink Floyd,Pink Floyd,Original,,,
Pink Panther,Pink Panther,Gottlieb 1981,,,
Pioneer,Pioneer,Gottlieb 1976,"Pioneer,Gottlieb,1976",,
Pirate Gold,Pirate Gold,Chicago Coin 1969,"pirate,gold,1969",,PirateGold_1969_v2.05.txt
Pirates Life The Revenge of Cecil Hoggleston,Pirate's Life<br/>The Revenge of Cecil Hoggleston,Original 2024,"pirate,life,2024,Revenge ",,
Pirates Life Under A Black Flag,Pirate's Life<br/>Under A Black Flag,Original 2024,"pirate,life,2024,Black,Flag",,
Pirates of the Caribbean,Pirates of the Caribbean,Stern 2006,,,
Pistol Poker,Pistol Poker,Alvin G. and Company 1993,,,
Pit Stop,Pit Stop,Williams 1968,,,pitstop.txt
Pizza Time,Pizza Time,OrbitalPin 2020,"Pizza,Time,OrbitalPin,2020",,
Play Pool,Play Pool,Gottlieb 1972,,,
Playball,Playball,Gottlieb 1971,"Playball,Gottlieb,1971",,Playball_71VPX.txt
Playboy,Playboy,Bally 1978,,"stern,Anniversary",
Playboy,Playboy,Stern 2002,,"bally,Anniversary",
Playboy 35th Anniversary,Playboy - 35th Anniversary,Data East 1989,"Playboy,Anniversary",,
Playmate Limited Edition,Playmate - Limited Edition,Original 2020,"Playmate,Limited,Edition,Original,2020",,
PlayMates,PlayMates,Gottlieb 1968,"PlayMates,Gottlieb,1968",,
Pokemon Pinball,Pokemon Pinball,Original 2016,,,
Pokerino,Pokerino,Williams 1978,"Pokerino,Williams",,
Polar Explorer,Polar Explorer,Taito 1983,,,
Pole Position,Pole Position,Sonic 1987,,,
Police Academy,Police Academy,Original 2019,,,
Police Force,Police Force,Williams 1989,,,
Polo,Polo,Gottlieb 1970,"Polo,Gottlieb,1970",,Polo_70VPX.txt
Poltergeist,Poltergeist,Original 2022,,,
Pompeii,Pompeii,Williams 1978,"Pompeii,Williams,1978",,
Pool Sharks,Pool Sharks,Bally 1990,,,
Pop-A-Card,Pop-A-Card,Gottlieb 1972,"Pop,Card,Gottlieb,1972",,PopACard_71VPX.txt
Popeye Saves the Earth,Popeye Saves the Earth,Bally 1994,,,
Poseidon,Poseidon,Gottlieb 1978,"Poseidon,Gottlieb,1978",,Poseidon_78VPX.txt
Post Time,Post Time,Williams 1969,,,PostTime_1969_v2.txt
Power Play,Power Play,Bally 1977,"Power,Play,Bally,1977",,
Predator,Predator,Original 2019,,,
Primus,Primus,Stern 2018,"Primus,Stern,2018",,
Prison Break,Prison Break,Original 2018,,,
Pro Football,Pro Football,Gottlieb 1973,,,ProFootball_73VPX_2.txt
Pro Pool,Pro Pool,Gottlieb 1973,,,ProPool_73VPX.txt
Professional Pinball Challenger I,Professional Pinball: Challenger I,Professional Pinball 1981,"Professional,Pinball,Challenger,I,1981",,
Professional Pinball Challenger V,Professional Pinball: Challenger V,Professional Pinball 1981,"Professional,Pinball,Challenger,V,1981",,
Prospector,Prospector,Sonic 1977,"Prospector,Sonic,1977",,Prospector_77VPX.txt
Psychedelic,Psychedelic,Gottlieb 1970,"Psychedelic,Gottlieb,1970",,
Punch-Out,Punch-Out,Original 2025,"punch,out,2025",,
Punchy the Clown,Punchy the Clown,Alvin G 1993,,,
Punk!,Punk!,Gottlieb 1982,"Punk,Gottlieb,1982",,
Punk Park,Punk Park,Original 2025,,,
Purge,The Purge,Original 2023,,,
Putin Vodka Mania,Putin Vodka Mania,Original 2023,,,
Pyramid,Pyramid,Gottlieb 1978,"Pyramid,Gottlieb,1978",,
Q-bert's Quest,Q-bert's Quest,Gottlieb 1983,q-bert,qbert,
Q-bert's Quest,Q-bert's Quest,Gottlieb 1983,qbert,q-bert,
Queen of Hearts,Queen of Hearts,Gottlieb 1952,,,QueenOfHearts_52VPX.txt
Quick Draw,Quick Draw,Gottlieb 1975,"Quick,Draw,Gottlieb,1975",,
Quicksilver,Quicksilver,Stern 1980,,,
Quijote,Quijote,Juegos Populares 1987,,,
Rack Em Up,Rack Em Up,Gottlieb 1983,,,
Rack-A-Ball,Rack A Ball,Gottlieb 1962,"Rack,A,Ball,Gottlieb,1962",,RackABall_62VPX.txt
Radical,Radical,Bally 1990,,bmx,
Raid,Raid,Playmatic 1984,"Raid,Playmatic,1984",,
Rainbow,Rainbow,Gottlieb 1956,"Rainbow,Gottlieb,1956",,Rainbow_56VPX.txt
Rally,Rally,Taito 1980,,tornado,
Rambo NES Contra Mod,Rambo NES Contra Mod,Gottlieb 1986,"Rambo,Gottlieb,1986",,
Ramones,Ramones,Original 2021,"Ramones,Original,2021",,
Rancho,Rancho,Gottlieb 1965,"Rancho,Gottlieb,1965",,Rancho_65VPX.txt
Rancho,Rancho,Williams 1976,"Rancho,Williams,1976",,Rancho_76VPX.txt
Rat Fink,Rat Fink,Original 2015,,,
Raven,Raven,Gottlieb 1986,,,
Rawhide,Rawhide,Stern 1977,,,
Re-Animator,Re-Animator,Original 2022,"Re-Animator,Original,2022",,
Ready Aim Fire,Ready Aim Fire,Gottlieb 1983,,,
Red Ted Road Show,Red and Ted's Road Show,Williams 1994,,,
Red Sonja,Red Sonja,Original 2019,,,
Rescue 911,Rescue 911,Gottlieb 1994,,,
Rey de Diamantes,Rey de Diamantes,Petaco 1967,"Rey,de,Diamantes,Petaco,1967",,
Rick and Morty,Rick and Morty,Original 2019,,,
Rider's Surf,Rider's Surf,Jocmatic 1986,"Rider,Surf,Jocmatic,1986",,
Ripley's Believe It or Not!,Ripley's Believe It or Not!,Stern 2004,"Ripley,Believe,Not",,
Riverboat Gambler,Riverboat Gambler,Williams 1990,,,
Ro Go,Ro Go,Bally 1974,"Ro,Go,Bally,1974",,
Road Kings,Road Kings,Williams 1986,,,
Road Race,Road Race,Gottlieb 1969,"Road,Race,Gottlieb,1969",,RoadRace_69VPX.txt
Road Runner,Road Runner,Atari 1979,,,
Robo-War,Robo-War,Gottlieb 1988,,,
Robocop,Robocop,Data East 1989,,,
Robocop 3,Robocop 3,Original 2018,,,
Robot,Robot,Zaccaria 1985,,,
Robots Invasion,Robots Invasion,Original 2024,,,
Rock,Rock,Gottlieb 1985,"Rock,Gottlieb,1985",,
Rock,Rock,Premier 1985,"Rock,premier,1985",,
Rock Star,Rock Star,Gottlieb 1978,"rock,star,gottlieb,1978",,
Rocket III,Rocket III,Bally 1967,"Rocket,Bally,1967",,RocketIII_67VPX.txt
Rockmakers,Rockmakers,Bally 1968,"Rockmakers,Bally,1968",,
Rocky,Rocky,Gottlieb 1982,,"bullwinkle,TKO",
Rocky TKO Tribute,Rocky TKO Tribute,Original 2021,"rocky,tko",,
Roller Coaster,Roller Coaster,Gottlieb 1971,"Roller,Coaster,Gottlieb,1971",,RollerCoaster_71VPX.txt
Roller Derby,Roller Derby,Bally 1960,,,
Roller Disco,Roller Disco,Gottlieb 1980,,,
RollerCoaster Tycoon,RollerCoaster Tycoon,Stern 2002,,,
Rollergames,Rollergames,Williams 1990,,,
Rolling Stones,Rolling Stones,Bally 1980,"rolling,stones,bally",,
Rolling Stones,The Rolling Stones,Stern 2011,"rolling,stones,stern",,
Roman Victory,Roman Victory,Taito do Brasil 1978,,,
Royal Flush,Royal Flush,Gottlieb 1976,"Royal,Flush,Gottlieb,1976",,
Royal Flush Deluxe,Royal Flush Deluxe,Gottlieb 1983,"Royal,Flush,Deluxe,Gottlieb,1983",,
Royal Guard,Royal Guard,Gottlieb 1968,"Royal,Guard,Gottlieb,1968",,RoyalGuard_70VPX.txt
Royal Pair,Royal Pair,Gottlieb 1974,"Royal,Pair,Gottlieb,1974",,
Royal-Flush-Deluxe,Royal-Flush-Deluxe,Gottlieb 1983,,,
Running Horse,Running Horse,Inder 1976,,,runninghorse.txt
Safe Cracker,Safe Cracker,Bally 1996,"safe,cracker",,
San Francisco,San Francisco,Williams 1964,,,SanFrancisco_64VPX.txt
Sands of the Aton,JP's Sands of the Aton,Original 2023,,,
Satin Doll,Satin Doll,Williams 1975,"Satin,Doll,Williams,1975",,SatinDoll_75VPX.txt
Scared Stiff,Scared Stiff,Bally 1996,,,
Scarface,Scarface,Original,,,
Schuss,Schuss,Rally 1968,"Schuss,Rally,1968",,schuss.txt
Scooby Doo and KISS,Scooby Doo! and KISS Rock n' Roll Mystery,Original 2015,,,
Scooby Doo,Scooby-Doo!,Original 2022,,KISS,
Scorpion,Scorpion,Williams 1980,,,
Scramble,Scramble,Tecnoplay 1987,"scramble,tecnoplay",,
Scuba,Scuba,Gottlieb 1970,"Scuba,Gottlieb,1970",,Scuba_70VPX.txt
Sea Ray,Sea Ray,Bally 1971,"Sea,Ray,Bally,1971",,
Seinfeld,Seinfeld,Original 2021,,,
Seawitch,Seawitch,Stern 1980,,,
Secret Agent,Secret Agent,Original 2024,,,
Secret Service,Secret Service,Data East 1988,,,
Senna Prototype Edition,Senna - Prototype Edition,Original 2020,"senna,prototype",,
Serious Sam II,Serious Sam II,Original 2019,"serious,sam",pinball,
Serious Sam Pinball,Serious Sam Pinball,Original 2017,"serious,sam,pinball",2019,
Seven Winner,Seven Winner,Inder 1973,"Seven,Winner,Inder",,sevenwinner.txt
Sexy Girl,Sexy Girl,Arkon 1980,,,
Shadow,The Shadow,Bally 1994,,,
Shangri-La,Shangri La,Williams 1967,"Shangri,La,Williams,1967",,ShangriLa_67VPX.txt
Shaq Attaq,Shaq Attaq,Gottlieb 1995,,,
Shark,Shark,Taito 1982,,"pool,shootout",
Sharkeys Shootout,Sharkeys Shootout,Stern 2000,shootout,,
Shamrock,Shamrock,Inder 1977,"Inder,shamrock",,shamrock4.txt
Sharp Shooter II,Sharp Shooter II,Game Plan 1983,"Sharp,Shooter,1983",,
Sharpshooter,Sharpshooter,Game Plan 1979,"Sharpshooter,1979",,
Sheriff,Sheriff,Gottlieb 1971,"Sheriff,Gottlieb,1971",,Sheriff_71VPX.txt
Ship Ahoy,Ship Ahoy,Gottlieb 1976,"Ship,Ahoy,Gottlieb,1976",,
Ship-Mates,Ship-Mates,Gottlieb 1964,"Ship,Mates,Gottlieb,1964",,ShipMates_64VPX.txt
Shock,Shock,Taito do Brasil 1979,"Shock,Taito,do,Brasil,1979",,
Shooting the Rapids,Shooting The Rapids,Zaccaria 1979,,,
Short Circuit,Short Circuit,Original 2024,,,
Shovel Knight,Shovel Knight,Original 2017,,,
Shrek,Shrek,Stern 2008,,,
Shuffle Inn,Shuffle Inn,Williams 1989,"Shuffle,Inn,Williams,1989",,
Silver Slugger,Silver Slugger,Gottlieb 1990,,,
SilverBall Mania,SilverBall Mania,Bally 1980,"silver,ball,mania",,
Simpsons,The Simpsons,Data East 1990,simpsons,"party, treehouse",
Simpsons Pinball Party,The Simpsons - Pinball Party,Stern 2003,"simpsons,party,stern",treehouse,
Simpsons Treehouse,The Simpsons - Treehouse of Horror,Stern 2003,"simpsons,treehouse,stern",,
Sinbad,Sinbad,Gottlieb 1978,,,
Sing Along,Sing Along,Gottlieb 1967,"Sing,Along,Gottlieb,1967",,SingAlong_67VPX.txt
Sir Lancelot,Sir Lancelot,Peyper 1994,"Sir,Lancelot,Peyper,1994",,
Sittin Pretty,Sittin' Pretty,Gottlieb 1958,"Sittin,Pretty,Gottlieb,1958",,
Six Million Dollar Man,Six Million Dollar Man,Bally 1978,"Six,Million,Dollar,Man,Bally,1978",,
Skate and Destroy,Skate and Destroy,Original 2019,,,
Skateball,Skateball,Bally 1980,,,
Skateboard,Skateboard,Inder 1980,,,
Skipper,Skipper,Gottlieb 1969,"Skipper,Gottlieb,1969",,Skipper_69VPX.txt
Sky Jump,Sky Jump,Gottlieb 1974,"Sky,Jump,Gottlieb,1974",,SkyJump_74VPX.txt
Sky Kings,Sky Kings,Bally 1974,"Sky,Kings,Bally,1974",,
Sky-line,Sky-line,Gottlieb 1965,"Sky,line,Gottlieb,1965",,skyline.txt
Skyway,Skyway,Williams 1954,,,Skyway_1954_v2.txt
Skylab,Skylab,Williams 1974,,,Skylab_74VPX.txt
Slayer,HauntFreak's Slayer,Original 2022,,,
Slick Chick,Slick Chick,Gottlieb 1963,"Slick,Chick,Gottlieb,1963",,SlickChick_63VPX.txt
Smart Set,Smart Set,Williams 1969,"Smart,Set,Williams,1969",,
Smurfette,Smurfette,Original 2016,"Smurfette,Original,2016",,smurfette.txt
Snake Machine,Snake Machine,Taito 1981,,,
Snow Derby,Snow Derby,Gottlieb 1970,"Snow,Derby,Gottlieb,1970",,SnowDerby_70VPX.txt
Snow Queen,Snow Queen,Gottlieb 1970,"Snow,Queen,Gottlieb,1970",,
Snowman - Raymond Briggs,The Snowman - Raymond Briggs,Original 2019,,gottlieb,
Soccer,Soccer,Gottlieb 1975,"Soccer,Gottlieb,1975",,
Soccer,Soccer,Williams 1964,"Soccer,Williams,1964",,Soccer_64VPX.txt
Solar City,Solar City,Gottlieb 1977,"Solar,City,Gottlieb,1977",,SolarCity_76VPX.txt
Solar Fire,Solar Fire,Williams 1981,,,
Solar Ride,Solar Ride,Gottlieb 1979,"Solar,Ride,Gottlieb",,
Solar Ride,Solar Ride,Electromatic 1982,"Solar,Ride,Electromatic",,
Solar Wars,Solar Wars,Sonic 1986,,,
Solids N Stripes,Solids N Stripes,Williams 1971,"Solids,Stripes,Williams,1971",,SolidsNStripes_71VPX.txt
Solitaire,Solitaire,Gottlieb 1967,"Solitaire,Gottlieb,1967",,
Sonic The Hedgehog,Sonic The Hedgehog,Brendan Balley 2005,,,
Sons of Anarchy,Sons of Anarchy,Original 2019,,,
Sopranos,The Sopranos,Stern 2005,sopranos,,
Sorcerer,Sorcerer,Williams 1985,,,
Soul Reaver,Soul Reaver,Original 2019,,,
Sound Stage,Sound Stage,Chicago Coin 1976,,,SoundStage.txt
South Park,South Park,Sega 1999,,,
Space Cadet,JP's Space Cadet,Original 2021,,Galaxy,
Space Cadet,Space Cadet,Microsoft 1995,"Space,Cadet,Microsoft,1995",,
Space Cadet Galaxy Edition,JP's Space Cadet: Galaxy Edition,Original 2025,"Space,Cadet,Galaxy",,
Space Gambler,Space Gambler,Playmatic_1978,,,
Space Invaders,Space Invaders,Bally 1980,,,
Space Jam,Space Jam,Sega 1996,,,
Space Mission,Space Mission,Williams 1976,,,SpaceMission_76VPX.txt
Space Oditty,Space Oditty,Original 2022,,,
Space Odyssey,Space Odyssey,Williams 1976,,,SpaceOdyssey_76VPX.txt
Space Orbit,Space Orbit,Gottlieb 1972,"Space,Orbit,Gottlieb,1972",,SpaceOrbit_72VPX.txt
Space Patrol,Space Patrol,Tatio Do Brazil 1982,,,
Space Ramp,Space Ramp,Original 2020,,,
Space Raiders,Space Raiders,Atari 1978,"Space,Raiders","Shuttle,Orbit",
Space Rider,Space Rider,Geiger-Automatenbau 1980,,,
Space Shuttle,Space Shuttle,Mecatronics 1984,"space,shuttle",williams,
Space Shuttle,Space Shuttle,Williams 1984,"space,shuttle","mecatronics,brasil",
Space Station,Space Station,Williams 1987,,,
Space Time,Space Time,Bally 1972,"Space,Time,Bally,1972",,
Space Walk,Space Walk,Gottlieb 1979,"Space,Walk,Gottlieb,1979",,
Spanish Eyes,Spanish Eyes,Williams 1972,,,
Speakeasy,Speakeasy,Bally 1982,"Speakeasy,bally",,
Speakeasy,Speakeasy,Playmatic 1977,"Speakeasy,playmatic",,PlaymaticSpeakeasy.txt
Special Force,Special Force,Bally 1986,,,
Spectrum,Spectrum,Bally 1982,,,
Speed Test,Speed Test,Tatio Do Brazil 1982,,,
Spider-Man,Spider-Man,Stern 2007,"spider,man","amazing,vault",
Spider-Man Vault Edition,Spider-Man - Vault Edition,Stern 2016,"spider,man,vault",,
Spin Out,Spin Out,Gottlieb 1975,,,SpinOut_75VPX.txt
Spin Wheel,Spin Wheel,Gottlieb 1968,"Spin,Wheel,Gottlieb,1968",,SpinWheel_68VPX.txt
Spin-A-Card,Spin A Card,Gottlieb 1969,"Spin,Card,Gottlieb,1969",,SpinACard_69VPX.txt
Spinning Wheel,Spinning Wheel,Automaticos 1970,"Spinning,Wheel,Automaticos,1970",,spinningwheel.txt
Spirit,Spirit,Gottlieb 1982,,76,
Spirit of 76,Spirit of 76,Gottlieb 1975,,,SpiritOf76_75VPX.txt
Split Second,Split Second,Stern 1981,,,
SpongeBob Bikini Bottom,SpongeBob's Bikini Bottom Pinball,Original 2020,SpongeBob,,
Spot A Card,Spot A Card,Gottlieb 1960,"Spot,A,Card,Gottlieb,1960",,SpotACard_60VPX.txt
Spot Pool,Spot Pool,Gottlieb 1976,"Spot,Pool,Gottlieb,1976",,
Spring Break,Spring Break,Gottlieb 1987,,,
Spy Hunter,Spy Hunter,Bally 1984,,,
Stampede,Stampede,Stern 1977,"Stampede,Stern,1977",,Stampede.txt
Star Action,Star Action,Williams 1973,"Star,Action,Williams,1973",,
Star Gazer,Star Gazer,Stern 1980,,,
Star God,Star God,Zaccaria 1980,,,
Star Light,Star Light,Williams 1984,,,
Star Mission,Star Mission,Durham 1977,"Star,Mission,Durham,1977",,
Star Pool,Star Pool,Williams 1974,"Star,Pool,Williams,1974",,StarPool_74VPX.txt
Star Race,Star Race,Gottlieb 1980,,,
Star Ship,Star Ship,Bally 1976,"star,ship,bally",,starship.txt
Star Tours,Star Tours,Original 2024,,,
Star Trek,Star Trek,Bally 1979,,"stern,generation,limited,data",
Star Trek - 25th Anniversary,Star Trek - 25th Anniversary,Data East 1991,"star,trek,25th,anniversary","stern,generation,limited,bally",
Star Trek - Limited Edition,Star Trek - Limited Edition,Stern 2013,"star,trek,limited,edition,stern","east,generation,jp",
Star Trek - Limited Edition,Star Trek - Limited Edition,Stern 2013,"star,trek,le,stern","east,generation,jp",
Star Trek - The Mirror Universe,Star Trek - The Mirror Universe,Original 2014,"star,trek,mirror,2014",,
Star Trek - The Next Generation,Star Trek - The Next Generation,Williams 1993,"star,trek,generation",sttng,
Star Trek - The Next Generation,Star Trek - The Next Generation,Williams 1993,sttng,,
Star Trek LE,JP's Star Trek LE,Stern 2013,"JP,Star,Trek,LE,Stern,2013",,
Star Wars,Star Wars,Data East 1992,,"sonic,episode,redux,trilogy,bountyhunter",
Star Wars,Star Wars,Sonic 1987,,"east,episode,redux,trilogy,bountyhunter",
Star Wars Bountyhunter,StarWars Bountyhunter,Original 2021,,,BountyHunter.txt
Star Wars Episode 1,Star Wars: Episode 1,Williams 1999,"star,wars,episode",,
Star Wars Redux,Star Wars Redux,Original 2019,,,
Star Wars Trilogy,Star Wars Trilogy,Sega 1997,,,
Star Wars Battle for Endor,Star Wars: Battle for Endor,Original 2019,"star,wars,endor",,
Star-Jet,Star-Jet,Bally 1963,"star,jet",,
Stardust,Stardust,Williams 1971,"Stardust,Williams,1971",,Stardust.txt
Stargate,Stargate,Gottlieb 1995,,,
Stars,Stars,Stern 1978,"Stars,Stern,1978",,
Starship Troopers,Starship Troopers,Sega 1997,,,
Stellar Airship,Stellar Airship,Geiger 1979,"Stellar,Airship,Geiger,1979",,
Stellar Wars,Stellar Wars,Williams 1979,,,
Stephen King The Running Man,Stephen King's The Running Man,Original 2019,,,
Steve Miller Band,Steve Miller Band,Original 2025,,,
Still Crazy,Still Crazy,Williams 1984,,,
Stingray,Stingray,Stern 1977,"Stingray,Stern,1977",,
Stock Car,Stock Car,Gottlieb 1970,"Stock,Car,Gottlieb,1970",,
Straight Flush,Straight Flush,Williams 1970,"Straight,Flush,Williams,1970",,WilliamsStraightFlush.txt
Strange Science,Strange Science,Bally 1986,,,
Strange World,Strange World,Gottlieb 1978,,,StrangeWorld_78VPX.txt
Stranger Things,Stranger Things,Original 2017,"Stranger,Things,2017",,
Stranger Things 4,Stranger Things 4 - Limited PRO Edition,Original 2022,"Stranger,Things,2022",,
Stranger Things - Stranger Edition,Stranger Things: Stranger Edition,Original 2018,"Stranger,Things,2018",,
Strato-Flite,Strato-Flite,Williams 1974,"Strato,Flite,Williams,1974",,StratoFlite_74VPX.txt
Strawman,Strawman,Original 2016,,,
Street Fighter 2,Street Fighter 2,Gottlieb 1993,"street,fighter,gottlieb,1993",,
Streets of Rage,Streets of Rage,Original 2018,,,
Strike,Strike,Zaccaria 1985,"Strike,Zaccaria",,
Strike Master,Strike Master,Williams 1991,"Strike,Master,Williams,1991",,
Striker,Striker,Gottlieb 1982,,xtreme,
Striker Xtreme,Striker Xtreme,Stern 2000,,,
Strikes and Spares,Strikes and Spares,Bally 1978,"strikes,spares",,
Strike Zone,Strike Zone,Williams 1984,,,
Strip Joker Poker,Strip Joker Poker,Gottlieb 1978,,,Strip_JP_EM_1978.txt
Student Prince,Student Prince,Williams 1968,"Student,Prince,Williams,1968",,
Sultan,Sultan,Taito do Brasil 1978,"Sultan,Taito,do,Brasil,1978",,
Super Flite,Super Flite,Williams 1974,,,
Super Mario,Super Mario,Gottlieb 1992,,world,
Super Mario Mushroom World,Super Mario: Mushroom World,Gottlieb 1992,,,
Super Nova,Super Nova,Game Plan 1980,"Super,Nova,Game,Plan,1980",,
Super Orbit,Super Orbit,Gottlieb 1983,,,
Super Soccer,Super Soccer,Gottlieb 1975,,,SuperSoccer_75VPX.txt
Super Spin,Super Spin,Gottlieb 1977,"Super,Spin,Gottlieb,1977",,SuperSpin_77VPX.txt
Super Sport,Super Sport,Bally 1987,"Super,Sport,Bally,1987",,
Super Star,Super Star,Williams 1972,"Super,Star,Williams,1972",,superstar.txt
Super Straight,Super Straight,Sonic 1977,"Super,Straight,Sonic,1977",,SuperStraight.txt
Superman,Superman,Atari 1979,superman,serie,
Superman The Animated Series,Superman The Animated Series,Original 2020,"superman,serie",,
Supersonic,Supersonic,Bally 1979,,,
Sure Shot,Sure Shot,Gottlieb 1976,"Sure,Shot,Gottlieb",Taito,SureShot_76VPX.txt
Sure Shot,Sure Shot,Taito 1981,"Sure,Shot,Taito",Gottlieb,
Supreme,Supreme,Stern 2018,,,
Surf Champ,Surf Champ,Gottlieb 1976,"Surf,Champ,Gottlieb,1976",,
Surf n Safari,Surf n Safari,Gottlieb 1991,,,
Surf Side,Surf Side,Gottlieb 1967,"Surf,Side,Gottlieb,1967",,SurfSide_67VPX.txt
Surfer,Surfer,Gottlieb 1976,"Surfer,Gottlieb,1976",,Surfer_76VPX.txt
Swamp Thing,Swamp Thing,Original 2024,,,
Swashbuckler,Swashbuckler,Recel 1979,"Swashbuckler,Recel,1979",,
Sweet Hearts,Sweet Hearts,Gottlieb 1963,"Sweet,Hearts,Gottlieb,1963",,SweetHearts_63VPX.txt
Swing Along,Swing Along,Gottlieb 1963,"Swing,Along,Gottlieb,1963",,SwingAlong.txt
Swinger,Swinger,Williams 1972,"Swinger,Williams,1972",,
Swords of Fury,Swords of Fury,Williams 1988,,,
T.K.O.,T.K.O.,Gottlieb 1979,,,
Tag Team,Tag Team,Gottlieb 1985,,,
Tales from the Crypt,Tales from the Crypt,Data East 1993,"tales,crypt",,
Tales of the Arabian Nights,Tales of the Arabian Nights,Williams 1996,"tales,arabian,nights",totan,
Tales of the Arabian Nights,Tales of the Arabian Nights,Williams 1996,totan,"tales,arabian,nights",
Tam-Tam,Tam-Tam,Playmatic 1975,"Tam,Playmatic,1975",,TamTam_75VPX.txt
Target Alpha,Target Alpha,Gottlieb 1976,,,Target_Alpha_76VPX.txt
Target Pool,Target Pool,Gottlieb 1969,"Target,Pool,Gottlieb,1969",,TargetPool_69VPX.txt
Taxi,Taxi,Williams 1988,,,
Teacher's Pet,Teacher's Pet,Williams 1965,"Teacher,Pet,Williams,1965",,TeachersPet_65VPX.txt
Team America World Police,Team America - World Police,Original 2019,"Team,America,World,Police,Original,2019",,
Team One,Team One,Gottlieb 1977,"Team,One,Gottlieb,1977",,TeamOne_77VPX.txt
Tee'd Off,Tee'd Off,Gottlieb 1993,"tee,off",,
Teenage Mutant Ninja Turtles,Teenage Mutant Ninja Turtles,Data East 1991,tmnt,"bigus,stern",
Teenage Mutant Ninja Turtles,Teenage Mutant Ninja Turtles,Data East 1991,"teenage,turtles","bigus,stern",
Teenage Mutant Ninja Turtles,Teenage Mutant Ninja Turtles: Bigus MOD,Data East 1991,"tmnt,bigus",stern,
Teenage Mutant Ninja Turtles,Teenage Mutant Ninja Turtles: Bigus MOD,Data East 1991,"teenage,turtles,bigus",stern,
Teenage Mutant Ninja Turtles,Teenage Mutant Ninja Turtles,Stern 2020,"tmnt,stern",,
Teenage Mutant Ninja Turtles,Teenage Mutant Ninja Turtles,Stern 2020,"teenage,turtles,stern",,
Ten Strike,Ten Strike,Benchmark Games 2003,,,
Tenacious D,Tenacious D,Original 2025,"Tenacious,2025",,
Terminator 1 TBA Edition,Terminator 1: TBA Edition,Original 2019,"Terminator,tba,edition",,
Terminator 2,JP's Terminator 2,Original 2020,"JP,Terminator,2,Original,2020",,
Terminator 2 Judgment Day,Terminator 2: Judgment Day,Williams 1991,"terminator,1991",,
Terminator 3,JP's Terminator 3,Stern 2003,"JP,Terminator,3,Stern,2003",,
Terminator 3 Rise of the Machines,Terminator 3: Rise of the Machines,Stern 2003,"terminator,rise,machines",,
Terminator Salvation,Terminator Salvation,Original 2018,,,
Terrific Lake,Terrific Lake,Sportmatic 1987,,,
Terrifier,Terrifier,Original 2024,,,
Texas Ranger,Texas Ranger,Gottlieb 1972,"Texas,Ranger,Gottlieb,1972",,
Theatre of Houdini,Theatre of Houdini,Original 2021,"houdini, theatre",,
Theatre of Magic,Theatre of Magic,Bally 1995,,,
Three Angels,Three Angels,Original 2018,,,
Thunderbirds,Thunderbirds,Homepin 2018,,,
Thundercats,Thundercats,Original 2023,,,
Thunder Man,Thunder Man,AppleTime 1987,,,
Ticket Tac Toe,Ticket Tac Toe,Williams 1996,,,
Tiger,Tiger,Gottlieb 1975,"Tiger,Gottlieb,1975",,Tiger_75VPX.txt
Tiger King,Tiger King,Original 2020,,,
Tiki Bob's Atomic Beach Party,Tiki Bob's Atomic Beach Party,Original 2021,"tiki,bob,beach,party",,
Time Fantasy,Time Fantasy,Williams 1983,,,
Time Line,Time Line,Gottlieb 1980,,,
Time Lord,Time Lord,Original 2022,,,
Time Machine,Time Machine,LTD 1984,"Time,Machine,ltd",,
Time Machine,Time Machine,Data East 1988,"time,machine,data,east",,
Time Tunnel,Time Tunnel,Bally 1971,,,
Time Warp,Time Warp,Williams 1979,"Time,Warp,Williams,1979",,
Tiro,Tiro's,Maresa 1969,,,
Titan,Titan,Taito 1982,"titan,taito",,
Title Fight,Title Fight,Gottlieb 1990,,,
TKO,TKO,Gottlieb 1979,,rocky,
Toledo,Toledo,Williams 1975,"Toledo,Williams,1975",,
Tom & Jerry,Tom & Jerry,Original 2018,"tom,jerry",,
Tomb Raider - A Survival is Born,Tomb Raider: A Survival is Born,Original 2019,,,
Tomb Raider (original 2025),Tomb Raider (original 2025),Original 2025,"Tomb,Raider,2025",,
Top Card,Top Card,Gottlieb 1974,,,TopCard_74VPX.txt
Top Dawg,Top Dawg,Williams 1988,"Top,Dawg,Williams,1988",,
Top Gun Mod,Top Gun Mod,Original 2019,,,
Top Hand,Top Hand,Gottlieb 1973,"Top,Hand,Gottlieb,1973",,
Top Score,Top Score,Gottlieb 1975,"Top,Score,Gottlieb,1975",,TopScore_75VPX.txt
Topaz,Topaz,Inder 1979,,,
Torch,Torch,Gottlieb 1980,,,
Tornado Rally,Tornado Rally,Original 2024,,,
Torpedo,Torpedo!!,Petaco 1976,"Torpedo,Petaco,1976",,Torpedo.txt
Torpedo Alley,Torpedo Alley,Data East 1988,,,
Total Nuclear Annihilation,Total Nuclear Annihilation,Spooky Pinball 2017,,TNA,
Total Nuclear Annihilation,Total Nuclear Annihilation,Spooky Pinball 2017,"TNA,Spooky",,
Totem,Totem,Gottlieb 1979,,,
Touchdown,Touchdown,Gottlieb 1984,"Touchdown,Gottlieb,1984",,
Touchdown,Touchdown,Williams 1967,"Touchdown,Williams,1967",,Touchdown_67VPX.txt
Trade Winds,Trade Winds,Williams 1962,"Trade,Winds,Williams,1962",,
Trailer,Trailer,Playmatic 1985,"Trailer,Playmatic,1985",,
Transformers Pro,Transformers Pro,Stern 2011,"transformers,stern",,
Transformers G1 Generation One,Transformers G1: Generation One,Original 2018,"transformers,generation,one",,
Transformers The Movie 1986,Transformers - The Movie 1986,Original 2019,"transformers,movie",,
Transporter the Rescue,Transporter the Rescue,Bally 1989,,,
Travel Time,Travel Time,Williams 1972,,,
Tri Zone,Tri Zone,Williams 1979,,Strike,
Trick Shooter,Trick Shooter,LTD 1980,,,
Trident,Trident,Stern 1979,"Trident,Stern,1979",,
Triple Action,Triple Action,Williams 1973,"Triple,Action,Williams,1973",,TripleAction_73VPX.txt
Triple Strike,Triple Strike,Williams 1975,,,
Triple X,Triple X,Williams 1972,,"chicago,strike,action",
TRON Classic,TRON Classic,Original 2018,,,
TRON Legacy,TRON Legacy,Stern 2011,,,
Tropic Fun,Tropic Fun,Williams 1973,,,
Truck Stop,Truck Stop,Bally 1988,,,
Turrican,Turrican,Original 2018,,,
Twilight Zone,Twilight Zone,Bally 1993,,,
Twinky,Twinky,Chicago Coin 1967,,,
Twisted Metal,Twisted Metal,Original 2024,"Twisted,Metal,Original",,
Twister,Twister,Sega 1996,,,
TX-Sector,TX-Sector,Gottlieb 1988,,,
U-FOES,U-FOES,Original 2019,,,
Underwater,Underwater,Recel 1976,,,
Universe,Universe,Gottlieb 1959,"Universe,Gottlieb,1959",,universe.txt
Universe,Universe,Zaccaria 1976,"Universe,Zaccaria,1976",,UniverseZaccaria_76VPX.txt
Unreal Tournament 99 - Capture the Flag,Unreal Tournament 99: Capture the Flag,Original 2021,"unreal,tournament",,UT99.txt
V.1,V.1,IDSA 1986,"V.1,IDSA,1986",,
V.1,V.1,IDSA 1986,"V1,IDSA,1986",,
Vampire,Vampire,Bally 1971,,,
Van Halen,Van Halen 2.0,Original 2025,,,
Vasco da Gama,Vasco da Gama,Original 2020,,,
Vector,Vector,Bally 1982,,,
Vegas,Vegas,Gottlieb 1990,"Vegas,gottlieb",,
Vegas,Vegas,Taito do Brasil 1978,"Vegas,taito",,
Verne's World,Verne's World,Spinball S.A.L. 1996,"Verne,World,1996",,
Victory,Victory,Gottlieb 1987,,,
Viking,Viking,Bally 1980,,,
Viper,Viper,Stern 1981,,night,
Viper Night Drivin,Viper Night Drivin,Sega 1998,,,
Volcano,Volcano,Gottlieb 1981,,,
Volkan,Volkan: Steel and Metal,Original 2023,,,
Volley,Volley,Gottlieb 1976,"volley,gottlieb",,Volley_76VPX.txt
Volley,Volley,Taito 1980,"volley,taito",,
Voltan Escapes Cosmic Doom,Voltan Escapes: Cosmic Doom,Bally 1978,,,
Vortex,Vortex,Taito 1983,,,
Vulcan,Vulcan,Gottlieb 1977,"Vulcan,Gottlieb,1977",,
Walking Dead,The Walking Dead,Stern 2014,,,
Walkyria,Walkyria,Joctronic 1986,,,
Warlok,Warlok,Williams 1982,,,
Watchmen,Watchmen,Original 2019,"Watchmen,Original,2019",,
Waterworld,Waterworld,Gottlieb 1995,"water,world",,
Web,The Web,Pro Pinball 1996,,,
Wheel,Wheel,Maresa 1974,"Wheel,Maresa,1974",,Wheel_74VPX.txt
Wheel of Fortune,Wheel of Fortune,Stern 2007,,,
Whirl-Wind,Whirl-Wind,Gottlieb 1958,"Whirl,Wind,Gottlieb,1958",,Whirl_Wind_1958.txt
Whirlwind,Whirlwind,Williams 1990,,,
White Water,White Water,Williams 1993,,,
Who Dunnit,Who Dunnit,Bally 1995,,1947,
Who Dunnit 1947,Who Dunnit 1947,Original 2021,,,
Who's Tommy - Pinball Wizard,The Who's Tommy - Pinball Wizard,Data East 1994,"tommy,who",,
Whoa Nellie!,Whoa Nellie!,Stern 2015,"whoa,nellie",mod,
Whoa Nellie! Big Juicy Melons,Whoa Nellie! Big Juicy Melons,WhizBang Pinball 2011,"mod,whoa,nellie",,
Wiggler,The Wiggler,Bally 1967,"Wiggler,Bally,1967",,TheWiggler_1967_v2.txt
Wild Card,Wild Card,Williams 1977,,,WildCard_77VPX.txt
Wild Fyre,Wild Fyre,Stern 1978,"Wild,Fyre,Stern,1978",,
Wild Life,Wild Life,Gottlieb 1972,,,WildLife_72VPX.txt
Wild Wild West,Wild Wild West,Gottlieb 1969,"Wild,West,1969",,WildWildWest_69.txt
Wild West,Wild West,Original 2024,"Wild,West,2024",,
Willy Wonka,Willy Wonka,Original 2024,,,
Willys Wonderland,Willys Wonderland,Original 2021,"willy,wonderland",,
Wimbledon,Wimbledon,Electromatic 1978,"Wimbledon,Electromatic,1978",,wimbledon.txt
Winner,Winner,Williams 1971,"winner,williams",,
Wipe Out,Wipe Out,Gottlieb 1993,,,
Witcher,Witcher,Original 2020,"Witcher,Original,2020",,
Wizard of Oz,Wizard of Oz,Original 2018,woz,,WoZ_HS.txt
Wizard of Oz,Wizard of Oz,Original 2018,,woz,WoZ_HS.txt
Wizard!,Wizard!,Bally 1975,,,
Wonderland,Wonderland,Williams 1955,,,
Wolf Man,Wolf Man,Peyper 1987,"Wolf,Man,Peyper,1987",,
World Challenge Soccer,World Challenge Soccer,Premier 1994,,,
World Cup,World Cup,Williams 1978,"World,Cup,Williams,1978",,
World Cup Soccer 94,World Cup Soccer 94,Bally 1994,"world,cup,soccer",,
World Joker Tour,JP's World Joker Tour,Original 2024,,,
World Poker Tour VPX,World Poker Tour VPX,Stern 2006,,,
World Series,World Series,Gottlieb 1972,"World,Series,Gottlieb,1972",,
WOW Monopoly,WOW Monopoly,Original 2015,"wow,monopoly,2015",,
Wrath Olympus,JP's Wrath of Olympus,Original 2022,,,
WWF Royal Rumble,WWF Royal Rumble,Data East 1994,"royal,rumble",,
X Files,The X Files,Sega 1997,"X,Files,1997",,
X-Men,X-Men,Stern 2012,,,
X O,X's & O's,Bally 1984,"X,O,Bally,1984","black,steel,king,granny,hunter",
Xenon,Xenon,Bally 1980,,,
Yamanobori - Mountain Climbing Game,Yamanobori Mountain Climbing Game,Komaya 1981,yamanobori,,
Yellow Submarine,Yellow Submarine,Original 2021,,,yellowsub.txt
You'll Shoot Your Eye Out!,You'll Shoot Your Eye Out!,Original 2024,,,
Young Frankenstein,Young Frankenstein,Original 2016,,,
Zarza,Zarza,Taito 1982,,,
Zeke's Peak,Zeke's Peak,Taito 1984,"Zeke,Peak,Taito,1984",,
Zephy,Zephy,LTD 1982,"Zephy,LTD,1982",,
Zip-A-Doo,Zip-A-Doo,Bally 1970,"Zip,Doo,Bally,1970",,ZipADoo_70VPX.txt
Zira,Zira,Playmatic 1980,,,
Zissou,Zissou,Original 2020,"Zissou,Original,2020",,Zissou.txt
Zodiac,Zodiac,Wiliams 1971,,,





















